Date,Day of the week,Total Residential Consumption,Total CI Consumption,temperature_2m_mean (°C),relative_humidity_2m_mean (%),wind_speed_10m_mean (km/h),cloud_cover_mean (%),precipitation_sum (mm),shortwave_radiation_sum (MJ/m?),apparent_temperature_mean (ÁC),dew_point_2m_mean (ÁC)
2023-01-01,1,13818579.8,3545513.2,2.3,91,10.3,100,1.8,2.19,-1.1,1.1
2023-01-02,2,13682477.7,3886800.3,2.6,88,7.6,89,0,7.04,-0.5,0.7
2023-01-03,3,13757678.4,4404448.5,2.3,91,14,100,3.7,1.77,-1.8,0.9
2023-01-04,4,13952352.4,4716701.4,2.6,94,17,98,27,1.15,-1.7,1.8
2023-01-05,5,13679737.4,4805627.4,2.7,89,10.7,100,1.1,2.1,-0.8,1.1
2023-01-06,6,13699245.2,4785698.3,1.9,83,11.7,94,0.2,3.74,-2.1,-0.8
2023-01-07,7,14553644.2,4510075.9,-0.5,75,12.8,61,0.2,6.28,-5.1,-4.5
2023-01-08,1,15899180.3,4401830.7,-4.1,73,6.9,58,0,6.1,-8.2,-8.2
2023-01-09,2,14743860,4948268.8,-1.1,76,16.1,72,0,5.25,-6.2,-4.9
2023-01-10,3,14362498.6,5004564.9,-0.6,75,10,97,0,4.63,-4.8,-4.6
2023-01-11,4,14978934.6,5169883.5,-1.9,83,22.6,95,0.2,2.57,-7.9,-4.4
2023-01-12,5,14203978.5,5029600.3,1.6,94,12.4,100,10.4,1.36,-2.2,0.7
2023-01-13,6,15242598.4,5201078.1,-2.8,77,24.6,96,4.6,1.8,-9.3,-6.3
2023-01-14,7,16398052.8,4944044.9,-9.2,70,14.9,24,0,8.83,-14.9,-13.7
2023-01-15,1,16461205.8,4587350.4,-7.3,73,6.8,29,0,8.31,-11.6,-11.3
2023-01-16,2,14905914.9,5049437.2,-2.4,81,10,81,0,8.06,-6.7,-5.3
2023-01-17,3,14347278.7,5045476.6,1.6,91,10.6,100,2.9,1.74,-2.1,0.2
2023-01-18,4,13709169.4,4960541.9,2.7,88,14,99,0.2,3.28,-1.3,0.9
2023-01-19,5,14319887.5,5100541,0.9,91,24,100,5.4,0.9,-4.8,-0.4
2023-01-20,6,14195958.5,5076327,0.9,82,13.4,100,0,3.6,-3.4,-1.9
2023-01-21,7,15317997.7,4724418.6,-0.6,72,8.8,98,0,3.61,-4.7,-5
2023-01-22,1,15512446.6,4436070.9,-0.3,81,8.7,100,3.1,2.01,-4.1,-3.2
2023-01-23,2,14450165.4,4991112.8,-0.7,79,14.4,80,0,5.41,-5.5,-4.1
2023-01-24,3,14372373.2,5112110.3,0,66,19.5,88,0.1,5.22,-5.7,-5.8
2023-01-25,4,14994387.5,5080647,-0.3,89,19.9,100,16.2,1.61,-5.6,-1.9
2023-01-26,5,14730521.6,5180942.8,-1.7,83,16.9,98,4.5,7.92,-6.9,-4.3
2023-01-27,6,14678584.1,5230868.1,-2.3,82,18.1,92,0.8,7.75,-7.7,-5
2023-01-28,7,15152701.6,4892161.2,-0.5,74,17.4,98,1.3,7.04,-5.7,-4.6
2023-01-29,1,15914575.2,4645223.3,-2.3,88,12.4,77,5.5,3.05,-6.7,-3.9
2023-01-30,2,15365046.8,5330873.7,-7.8,79,9.1,75,0.3,5.24,-12.4,-10.8
2023-01-31,3,15402834.6,5465696.1,-9.3,71,9.5,57,0,10.83,-14.2,-13.7
2023-02-01,4,15905407.3,5458512.8,-10.2,74,16.8,43,0,9.67,-16.2,-14
2023-02-02,5,15481103.7,5386946.3,-5.1,71,23,67,0.5,9.84,-11.6,-9.6
2023-02-03,6,17500832,5761792.3,-16.9,61,18.6,61,0.3,11.66,-23.5,-22.8
2023-02-04,7,18769503.9,5451456.8,-13,66,16.1,92,1.1,6.66,-19,-18.1
2023-02-05,1,16233146.5,4648600.3,1,74,16.8,99,0,6.57,-4.1,-3.3
2023-02-06,2,14570551.6,5114427.1,-1.7,78,11.4,40,0,11.59,-6.1,-5.2
2023-02-07,3,14138999.2,5089722.8,2,80,20,79,0.6,6.33,-3.2,-1.2
2023-02-08,4,13308115.9,4940101.1,2.5,78,13.9,59,0.1,11.55,-1.8,-1.2
2023-02-09,5,14059151.4,5070308.5,1.4,94,14.2,97,22.4,1.1,-2.6,0.5
2023-02-10,6,13995688.1,5060424.7,2.5,72,25.2,93,0.3,5.18,-3.6,-2.3
2023-02-11,7,15029285.1,4765968.8,-1.5,65,17.7,35,0,11.08,-7.1,-7.3
2023-02-12,1,14660270.6,4315091.3,0.4,72,8.3,0,0,12.41,-3.4,-4.1
2023-02-13,2,13458095.3,4804769.9,1.7,76,13.3,37,0,11.76,-2.7,-2.7
2023-02-14,3,12924160,4816991.1,1.8,75,11.7,25,0,12.77,-2.4,-2.4
2023-02-15,4,12650070.3,4754023.4,8.5,63,25.9,77,0.9,7.12,2.9,1.8
2023-02-16,5,13204926.7,4914186.6,1.8,76,10.9,86,0.9,7.25,-2.2,-2.1
2023-02-17,6,14618221.7,5175433.5,-4.2,69,22.1,57,7.3,12.65,-10.5,-9.4
2023-02-18,7,15364341.3,4806693.5,-2,57,18.8,45,0,12.92,-8,-10
2023-02-19,1,14125986.5,4299356.3,3.1,66,18.3,95,0,8.83,-2,-2.8
2023-02-20,2,13818828.6,4069226.3,2.4,63,13.1,94,0,11.51,-2.1,-4.2
2023-02-21,3,13864995.2,4975797.8,0.7,67,18.4,72,1.6,12.07,-4.8,-5.2
2023-02-22,4,14907973.5,5206643.3,-3.4,73,20.3,100,13.2,2.41,-9.4,-7.5
2023-02-23,5,15667131.2,5299151.8,-5.8,85,16.4,100,10.9,4.6,-11.3,-7.9
2023-02-24,6,15198116.8,5363486.3,-9.1,71,13.8,57,0,15.79,-14.5,-13.6
2023-02-25,7,16189159.3,4996778,-9.5,79,7.2,92,1.2,9.78,-13.9,-12.5
2023-02-26,1,15448564,4496690.7,-1.9,75,16.5,49,0,15.04,-7.2,-6
2023-02-27,2,15223309.1,5151459.1,-5.5,81,22.5,75,9,9.46,-11.9,-8.3
2023-02-28,3,14472041.6,5127666.3,0.5,83,20.4,78,4.6,11.54,-4.9,-2.1
2023-03-01,4,14175733.7,5106420.4,-1.7,85,14.8,81,0.1,9.14,-6.5,-4
2023-03-02,5,13677361.2,5040237.4,-1.7,81,12.2,51,0,12.84,-6.2,-4.5
2023-03-03,6,14652838.2,5121716.6,-2,86,23.9,88,15.1,7.07,-8.1,-3.9
2023-03-04,7,14810253.4,4518364.9,1.3,80,21.6,75,14.7,15.45,-4.2,-2
2023-03-05,1,14497990,4299371,1.3,81,9.8,67,1.1,14.73,-2.5,-1.8
2023-03-06,2,13890201.7,4902265.1,-1.7,81,8.4,91,0.2,10.11,-5.7,-4.6
2023-03-07,3,13826375.1,5015996,-1.9,63,25,36,0.3,18.18,-8.5,-8
2023-03-08,4,13795208.3,5040601.3,-2,67,18.5,21,0,17.45,-7.6,-7.4
2023-03-09,5,13546500.8,4998826,-2.2,75,12.3,36,0,17.4,-6.7,-6
2023-03-10,6,14517878.2,5117155.8,-2,84,19.3,100,7.6,4.97,-7.5,-4.3
2023-03-11,7,14940218.7,4743424.3,-2.4,76,13.4,86,0.6,13.61,-7.2,-6.2
2023-03-12,1,15399900,4487670.6,-4.5,82,9.6,88,1.5,7.99,-8.8,-7.1
2023-03-13,2,14099090.2,4957145,-1.1,86,10.1,100,1.9,9.02,-5.1,-3.2
2023-03-14,3,14455396.4,5172805.3,-4.2,77,26.4,75,0,15.92,-11,-7.7
2023-03-15,4,13877563.3,5071269.8,-2.4,63,18.1,13,0,19.84,-8,-8.8
2023-03-16,5,12885538.3,4856015.3,2.2,69,13.2,89,0.5,13.94,-2.2,-3.1
2023-03-17,6,13239725.7,4853658.6,4.6,83,20.8,89,11.1,3.89,-0.2,1.9
2023-03-18,7,14612421.9,4675992.8,-1.5,54,24.4,68,0.5,16.42,-8.2,-9.8
2023-03-19,1,15597487.5,4506269.5,-3.2,53,25,70,0.3,13.32,-10.2,-11.6
2023-03-20,2,13570080.7,4853901.5,1.8,52,22.1,51,0,19.05,-4.3,-7.2
2023-03-21,3,12412462.5,4719855.1,4.8,64,12.8,78,0.4,16.23,0.7,-1.5
2023-03-22,4,12953205.2,4825104.3,3,82,14.4,100,0,7.75,-1.1,0.3
2023-03-23,5,12797823.7,4791464.8,5.6,83,13.3,88,4.5,3.95,2.1,2.7
2023-03-24,6,12932358.2,4823662.1,0.7,70,8.6,98,0,17.09,-3.1,-4.4
2023-03-25,7,14584461.6,4570426.4,2.7,84,28.8,96,18.9,2.97,-3.5,0.3
2023-03-26,1,13712793.6,4129238.2,4.6,59,22.6,43,0,20.82,-1.1,-3.3
2023-03-27,2,13285774.6,4735679.2,1.4,84,8.9,86,5.6,5.8,-2.1,-1.1
2023-03-28,3,12619576,4722590.2,2.5,82,9.3,84,1.6,16.12,-1,-0.3
2023-03-29,4,13204496.9,4853011.8,0.9,64,19.9,46,3.5,12.57,-4.7,-5.4
2023-03-30,5,13477680,4956405.2,-1.1,54,14.5,44,0,20.65,-6.3,-9.6
2023-03-31,6,13693227.5,4936536.7,2.2,89,9.6,100,9.3,3.19,-1.2,0.5
2023-04-01,7,13383912.7,4343912.8,7.9,73,22.6,76,19,15.72,3.1,2.6
2023-04-02,1,14327696,4178067.3,-1.3,50,14,33,0,22.73,-6.4,-10.5
2023-04-03,2,12592370.7,4555365.5,7.2,58,14.1,93,0.9,14.13,2.9,-1.2
2023-04-04,3,12041696.3,4561847.4,6.4,86,12.5,94,5.9,13.95,3.2,4.1
2023-04-05,4,12865371.8,4694263.9,7.3,87,22.5,100,14.5,6.55,3.1,5.3
2023-04-06,5,11917234.8,4565739.9,9.5,60,20.6,96,0,18.43,4.8,1.4
2023-04-07,6,12993943.1,3985698.2,2.8,47,17.8,25,0,22.11,-2.7,-7.6
2023-04-08,7,13040061.9,4209382.2,0.3,59,7.6,42,0,22.16,-3.5,-7
2023-04-09,1,12845091.1,3782901.6,2.7,69,7.6,7,0,23.87,-0.6,-2.7
2023-04-10,2,11756225.5,4239376.8,7.7,63,15,38,0,23.04,3.8,0.8
2023-04-11,3,10850509.4,4370953.6,14.1,49,20.2,100,0,19.1,9.8,3.3
2023-04-12,4,10740195.5,4516088.6,16.9,59,14.8,29,0.4,22.98,14.7,8.6
2023-04-13,5,11737168.8,4738457.9,18.6,62,15.9,13,0,23.44,17,11.1
2023-04-14,6,12180466.8,4754483.4,16.2,62,8.2,46,0,24.04,15.1,8.7
2023-04-15,7,12407143,4279528.2,14.2,67,7.7,76,0,21.84,12.8,8.1
2023-04-16,1,12561401.5,3922292.4,13.5,75,11.3,47,8,23.15,11.9,8.9
2023-04-17,2,11240621.4,4180310.2,6.4,75,21.4,90,3.4,9.61,1.6,2.3
2023-04-18,3,12055099.5,4435523.9,3.5,63,21.8,90,0.4,10.26,-2.3,-3.2
2023-04-19,4,11910611.1,4496476.6,4.6,61,14.1,95,0.8,21.88,0.3,-2.6
2023-04-20,5,11569237.4,4456291.4,5.3,69,17.5,90,1.3,19.75,0.7,-0.1
2023-04-21,6,11008154.6,4358398.6,10.3,75,14.7,97,7.6,19.42,7.5,6
2023-04-22,7,12173109.2,4007294.9,8.9,89,11.4,100,18.8,5.79,6.5,7.1
2023-04-23,1,12689913.8,3756687.2,6.3,73,11.9,52,0.7,16.88,2.7,1.4
2023-04-24,2,11940198.8,4338015.6,4,79,8.6,55,2.3,18.68,0.7,0.3
2023-04-25,3,11657763.9,4412450.7,4.7,74,11.7,69,1.2,19.65,1,0.2
2023-04-26,4,11762706.4,4448277.2,4.7,78,8.3,46,0.7,20.91,1.6,1
2023-04-27,5,11304657.1,4426965.1,5.7,69,10.1,31,0,25.81,2.5,0.2
2023-04-28,6,11476380.3,4391385.4,7.7,83,19.2,94,9.6,12.61,3.7,4.9
2023-04-29,7,12756934.2,4107606.1,7.3,94,20.4,99,6.6,3.78,3.4,6.4
2023-04-30,1,12969906.5,3790872.7,8.2,96,10.6,81,7.1,6.25,6,7.5
2023-05-01,2,11716007,4262525.3,7.1,76,17.5,74,2.2,22.54,3.1,3
2023-05-02,3,11884432.5,4383123.1,5,83,13.3,99,5.5,11.53,1.4,2.3
2023-05-03,4,11942056,4439407.5,6,89,10,100,8.2,10.03,3.1,4.2
2023-05-04,5,11345524.7,4379677.2,8.1,86,7.5,96,2.1,15.72,6,5.8
2023-05-05,6,10982118.1,4333244.3,8.8,86,7,75,0.6,20.79,7.1,6.4
2023-05-06,7,11323646.7,3979259.8,11.3,69,6.1,79,0,25.85,9.7,5.3
2023-05-07,1,12118658,3657448.5,10.4,78,7.4,98,8.1,8.33,8.5,6.4
2023-05-08,2,10797982.2,4194806.8,13,64,13.5,81,0,27.22,10.5,5.4
2023-05-09,3,10574197.8,4207611.5,10.8,49,12.1,56,0,27,7.5,0.5
2023-05-10,4,10557612.6,4305631.2,11.8,58,11.5,36,0,26.62,9.1,3.5
2023-05-11,5,10814534.9,4500086.3,14.6,66,9.4,44,0,21.79,13,8.3
2023-05-12,6,11962954.4,4727521.9,17.9,59,10.7,94,0,22.13,16.6,9.7
2023-05-13,7,12431215.9,4248583.5,16.5,54,13,84,0,26.32,14.3,6.9
2023-05-14,1,11514386.5,3692575.7,12.4,55,11.4,80,0,25.78,9.7,3.2
2023-05-15,2,10825392.7,4267913.4,14.1,41,15.5,16,0,29.33,10.4,0.8
2023-05-16,3,10598449.8,4312763,15.5,47,19.1,25,0,27.21,11.6,3.7
2023-05-17,4,10718824.8,4193431.9,6.7,52,12.6,24,0,27.85,2.8,-2.7
2023-05-18,5,10809106.1,4231406.4,7.6,57,9.4,42,0,29.52,4.5,-0.9
2023-05-19,6,10690228,4292514.9,14,72,13.8,85,0.5,24.06,12,8.8
2023-05-20,7,11295017,3860148.3,14.3,81,15,88,19.5,15.36,12.5,10.5
2023-05-21,1,10967051.4,3674695.7,15.8,69,13.7,21,0.1,25.51,14.3,10
2023-05-22,2,11287631.8,3417941.4,12.2,63,11.1,7,0,28.29,9.8,5.2
2023-05-23,3,10627746.2,4237785.5,13.1,66,9.2,13,0,26.54,11.5,6.9
2023-05-24,4,10646257,4244186.7,13.1,62,16.1,32,0.8,21.48,10,5.3
2023-05-25,5,10611992.4,4241470.6,9.5,60,11.6,0,0,30.01,6.6,2.1
2023-05-26,6,10662832.8,4311597.8,12.6,52,10.9,1,0,30.09,9.9,2.6
2023-05-27,7,11437228,4092137.9,14.8,49,7.7,4,0,29.6,12.8,3.9
2023-05-28,1,12900319,3969072.6,17.8,51,7.6,16,0,29.55,16.7,7.2
2023-05-29,2,12809212.9,4597099.3,17.8,48,13.9,4,0,29.23,15.5,6.5
2023-05-30,3,13367865.4,4824326.9,18.2,60,9.5,3,0,29.21,17.5,10.1
2023-05-31,4,16016112.1,5236427.9,21.1,61,6.4,6,0,28.39,21.5,13
2023-06-01,5,18848944.7,5553183.6,23,58,7.8,38,0,26.99,23.6,13.9
2023-06-02,6,20612337.3,5710097.4,24.3,49,13.6,91,0.8,23.17,23.5,12.7
2023-06-03,7,16599473.8,4698031.6,19.4,64,15.4,8,0,29.69,18.4,12.4
2023-06-04,1,13104317.5,3952554.9,16.3,46,12.6,17,0,30.39,13.6,4.4
2023-06-05,2,12174944.1,4536548.9,18.5,51,9.1,54,0,24.86,17.1,8.1
2023-06-06,3,12353392.4,4634836.5,18.8,48,20.6,20,0,29.64,15.4,7
2023-06-07,4,11449175.7,4472679.1,16.8,40,17.9,25,0.1,29.13,12.8,2.3
2023-06-08,5,10996580,4342627.1,15.3,62,8.9,88,0.4,11.1,13.4,7.8
2023-06-09,6,10890893.2,4333050,14.8,77,11.7,83,9,16.78,13.3,10.6
2023-06-10,7,12715044.8,4295801.7,18.9,55,10.7,64,0,23.1,17.2,8.8
2023-06-11,1,13273957.4,3909611.4,17.9,71,9.2,100,7.9,11.66,17.3,12.4
2023-06-12,2,11581163.3,4208669.5,15.9,90,19.1,100,32.1,5.35,14.5,14.2
2023-06-13,3,10840109.7,4236741.2,14.7,74,13.6,64,0.7,22.11,12.8,9.8
2023-06-14,4,10834221,4286625.6,15.3,78,9.6,73,11.4,21.7,14.5,11.4
2023-06-15,5,10940140.4,4355117.5,15.6,78,10.2,60,0.4,16.44,14.7,11.7
2023-06-16,6,11437405,4485433.1,17.2,77,12.3,73,3.9,19.31,16.4,13
2023-06-17,7,12614317.9,4236625.6,18.4,52,17.6,9,0,30.25,15.6,7.2
2023-06-18,1,13677842.5,4020896.3,17.7,62,11.6,13,0,28.88,16.6,10.2
2023-06-19,2,13579311.1,4697954.6,18.1,75,15.6,49,0,28.68,17.4,13.5
2023-06-20,3,14302996.2,4932454.7,19.3,69,18.6,30,0,29.65,18,13.3
2023-06-21,4,15311841,5132184.4,19.9,69,13.9,1,0,29.16,19.6,13.9
2023-06-22,5,14947114.2,5076560.4,19.6,68,12.5,57,0,26.1,19.1,13.2
2023-06-23,6,14243522.1,4964622.7,19.4,85,9.1,98,9,13.05,20.4,16.7
2023-06-24,7,16392626.9,4756743,20.5,91,6.2,88,21.3,18.24,23.1,19
2023-06-25,1,19139284.3,4645143.9,20.7,86,10.2,71,0,26.88,22.5,18.1
2023-06-26,2,16041147.8,4978997.4,19.9,89,13.5,95,13.3,20.86,20.9,17.9
2023-06-27,3,14310510.4,4893987.5,19.8,85,10.7,90,5.9,17.55,20.8,17
2023-06-28,4,12764399.8,4617630,19,62,19.8,54,0,24.72,16.7,11.1
2023-06-29,5,13308958.1,4815671.5,18.9,59,9,38,0,28.76,18.3,10.4
2023-06-30,6,14927798.1,5003079.3,20.8,79,10.3,70,0.1,24.87,22.1,16.9
2023-07-01,7,17768375.3,4548368,22.3,86,7.2,83,1.6,23.03,25.2,19.7
2023-07-02,1,15865247.1,4312988.7,21.2,92,6.2,100,3.1,11.97,24.1,19.9
2023-07-03,2,16970545.9,4491643.7,21.8,84,7.9,67,2.9,23.95,24.2,18.7
2023-07-04,3,20094359.4,5605377.1,23.7,73,7.8,23,0.1,26.06,25.9,18.3
2023-07-05,4,23113874.5,6021746.3,24.8,69,8.1,28,0.4,26.71,27.2,18.6
2023-07-06,5,20920853.5,5809669,24,78,7.6,79,6.3,21.96,26.7,19.6
2023-07-07,6,18556127.5,5471982.7,22.3,66,11.4,32,0,28.66,22.8,14.7
2023-07-08,7,15283546.4,4628960.9,19.3,71,8.6,89,0.7,20.18,19.3,13.5
2023-07-09,1,16191653.5,4374101.6,20.4,76,5.8,80,0.5,21.03,21.7,15.7
2023-07-10,2,17271941.4,5176105.3,21.6,65,11.5,30,0.1,26.52,21.7,14.4
2023-07-11,3,18541078.5,5454067.1,23.2,67,13.1,30,6.9,25.05,23.8,16.3
2023-07-12,4,14721645.2,4974652,19.6,67,8,69,0.9,23.83,19.7,13
2023-07-13,5,14422712.8,4979185.5,21.5,73,17.2,59,7.7,23.22,21.3,15.8
2023-07-14,6,14825967.5,5054999.5,19.8,77,8.3,38,0.2,25.35,20.8,15.4
2023-07-15,7,15461890.3,4647398.4,21.9,86,8.3,92,5,13.16,24.2,19.3
2023-07-16,1,17306583.6,4463541.3,21.6,86,8.9,53,28.9,21.39,23.8,18.9
2023-07-17,2,16700344,5064864.3,21.8,71,13.2,60,1,23.95,22.2,16.2
2023-07-18,3,15567003.7,5068489.3,20.4,72,5.6,42,3.1,23.14,21.4,14.9
2023-07-19,4,15051656.4,5053560,19.6,71,5.9,20,0.3,24.65,20.3,14
2023-07-20,5,16486369.6,5305058.7,20.8,81,7.4,37,8.7,23.03,22.6,17.2
2023-07-21,6,15701453,5139500.5,20.9,72,16.2,17,0,26.23,20.6,15.3
2023-07-22,7,16981552.2,4824611.4,21.4,63,10.5,11,0,26,21.4,13.5
2023-07-23,1,16549304.4,4366312.4,19.9,78,7.4,29,1.8,25.27,21.2,15.8
2023-07-24,2,15856472.8,4995194.5,21,81,6.1,50,3,23.03,23.1,17.5
2023-07-25,3,16464324,5192323.2,20.8,82,6.1,49,0.7,22.11,22.7,17.4
2023-07-26,4,19219060.9,5584556,23.5,75,13.9,70,0.7,24.33,24.9,18.4
2023-07-27,5,19749533.5,5668715.6,24.2,77,11.8,51,18.5,22.09,26.2,19.4
2023-07-28,6,20427799.8,5739035.6,23.7,82,9.8,72,0,19.99,26.5,20.3
2023-07-29,7,16559743.1,4696836.8,20.8,82,12.3,65,21.8,11.72,21.8,17.3
2023-07-30,1,14408850.1,4147682.6,18.6,72,7.4,34,0.8,22.73,18.7,13.2
2023-07-31,2,13746288.5,4695476.3,18.7,63,13.1,11,0.5,24.2,17.4,11.2
2023-08-01,3,13131330,4741487.6,18.4,66,9.2,37,0,20.97,17.7,11.5
2023-08-02,4,13507289.9,4856874.1,19.6,73,10.8,48,0.1,23.27,19.6,14.3
2023-08-03,5,17409152.8,5376075.1,22.2,78,13,46,22.6,22.71,23.5,18.1
2023-08-04,6,16247712,5162325.7,20.9,78,10.1,28,6.6,20.18,21.9,16.8
2023-08-05,7,15282468.6,4559241.9,20.1,69,9,50,0,22.88,20.1,13.7
2023-08-06,1,14123753.1,4176873.1,19.1,71,16.4,78,0.5,20.64,18.1,13.5
2023-08-07,2,15724556.1,4278155.6,21.3,85,15.1,94,5.6,17.26,22.4,18.6
2023-08-08,3,13948650,4774473.3,20.4,72,19.5,80,0.4,16.98,19.3,14.8
2023-08-09,4,15906066,5168144,21.5,68,9.3,49,0,23.58,22.1,15
2023-08-10,5,15770722.7,5138391.8,20.9,77,9.3,52,8.5,19.56,21.9,16.4
2023-08-11,6,14858362.7,5016869.3,19.5,71,11.5,49,0,21.51,19.1,13.7
2023-08-12,7,16617850.6,4776756.8,21.8,78,12.5,58,11.8,18.83,22.9,17.6
2023-08-13,1,15735194.9,4288990,20,71,14.2,57,0,17.49,19.3,14.3
2023-08-14,2,14586120.6,4819968.9,19,78,7.5,71,0,18.01,19.7,15
2023-08-15,3,13794340.3,4824840.6,20,79,12,85,4.7,17.05,20.4,16.1
2023-08-16,4,16058553.6,5185788.3,21,77,12.4,24,0.2,22.4,21.7,16.6
2023-08-17,5,15504007.9,5157209.6,20.9,78,17.5,37,7.7,22.67,21,16.8
2023-08-18,6,11979422.4,4482528.7,16.9,72,21.7,68,3.4,14.53,14.4,11.7
2023-08-19,7,12959826.7,4316049.3,19.1,62,14.5,25,0,24.57,17.7,11.2
2023-08-20,1,16024868.1,4342857.4,21.7,76,11.6,50,0,17.83,22.9,17.2
2023-08-21,2,15772760.1,4914981.1,21.2,72,12.6,95,0,20.35,21.5,15.3
2023-08-22,3,13864703.5,4825835.2,18.7,68,10.3,73,0,22.81,18.3,12.5
2023-08-23,4,12291667.7,4546624,18.3,80,8.5,86,2.6,12.6,18.7,14.8
2023-08-24,5,12431538.3,4690588.8,19,89,11.4,94,13.1,8.96,19.9,17
2023-08-25,6,13798554.7,4885177.2,21,81,11,88,11.5,12.98,22,17.3
2023-08-26,7,13685063.7,4362989.5,19.5,77,10.5,34,1.4,18.48,19.8,15.1
2023-08-27,1,12734221.7,3875635.8,16.3,72,9.7,27,0.1,19.32,15.4,11.1
2023-08-28,2,12722338.4,4549591.8,17,80,6.7,7,0,22.59,17.3,13.3
2023-08-29,3,13077171,4748002.2,17.4,82,7.8,15,0,22.87,17.9,14.1
2023-08-30,4,11690674.7,4440752.9,17.1,77,17,41,3.6,18.61,15.7,13
2023-08-31,5,11252498.3,4445955.4,15.2,68,9.8,7,0,22.4,13.7,8.9
2023-09-01,6,12033769.7,4607345.2,17,76,7.8,1,0,22.82,17,12.5
2023-09-02,7,13266180.6,4348775,19.5,79,13,74,0.6,14.54,19.6,15.5
2023-09-03,1,16692817.9,4452904.8,22.7,77,11.9,41,0.2,19.57,24.3,18.3
2023-09-04,2,22388898.8,4729293.8,25.9,70,11.3,22,0,21.45,28.4,19.9
2023-09-05,3,23036268.7,5912597.2,24.2,80,10.1,9,0,19.31,27,20.4
2023-09-06,4,22806934.3,6006133.7,24.7,79,9.6,30,0,19.43,27.7,20.7
2023-09-07,5,18983021,5575413.7,22.1,85,11.4,69,3.1,16.8,24.1,19.3
2023-09-08,6,12798793.7,4685420.8,17.4,71,15.3,65,0,14.91,15.8,12
2023-09-09,7,12436395,4208613.2,17.2,76,8.8,100,0,8.26,16.9,12.9
2023-09-10,1,14001645.7,4077475.2,19.4,78,6.5,83,1.7,16.61,20.4,15.4
2023-09-11,2,13606506.9,4739424.2,19.1,82,7.3,71,0.3,15.45,20,15.8
2023-09-12,3,12994146.6,4712423.4,19.2,83,10.9,92,5.7,8.87,19.8,16.2
2023-09-13,4,11059888.4,4307467.6,15.8,69,13.6,36,0.1,13.34,13.7,9.6
2023-09-14,5,10768784.3,4303220.9,14.5,67,10.6,25,0,15.02,12.4,7.8
2023-09-15,6,11010845.5,4352200.8,14.4,70,6.6,1,0,20.47,13.4,8.7
2023-09-16,7,11819614.6,4075643.3,15.6,70,7.6,34,0,18.91,14.6,9.6
2023-09-17,1,12698315.3,3857644.8,16.3,74,7.5,81,0.5,15.12,15.8,11.5
2023-09-18,2,11459070.3,4292104.1,15.9,77,12.5,50,3.2,16.37,14.6,11.6
2023-09-19,3,10867167.1,4281307.1,14.7,67,12.7,4,0,19.39,12.4,7.8
2023-09-20,4,10715555.9,4288532.1,13.6,68,6.4,0,0,19.78,12.2,7.4
2023-09-21,5,10953836.3,4441275.7,17,71,8.2,52,0,15.95,16.2,11.3
2023-09-22,6,11269092.2,4490544.6,17,72,12.6,41,0,19.21,15.9,11.7
2023-09-23,7,11756962.7,4106105.2,16.5,81,12.2,54,0,17.42,15.8,13.1
2023-09-24,1,12288045.9,3803076.6,16.7,70,15.6,26,0,17.2,14.7,10.8
2023-09-25,2,11693943.1,4376824.6,17.5,68,16.5,52,0,17.41,15.5,11.3
2023-09-26,3,11099537.4,4370731.8,16.7,69,20.5,77,0,15.81,14,10.8
2023-09-27,4,10787009.4,4325720.2,15.9,66,18.5,83,0,16.48,13.2,9.1
2023-09-28,5,10559997.4,4283735.9,15.9,72,15.7,93,0.1,14.29,13.8,10.7
2023-09-29,6,11036443.1,4428969.3,16.3,80,8,35,0,16.21,16.1,12.7
2023-09-30,7,12199617.7,4191121.7,17.2,84,7.3,31,0.1,15.47,17.6,14.3
2023-10-01,1,13160955.8,3993593.6,18.8,77,7.2,10,0,16.38,19.3,14.4
2023-10-02,2,13331883.3,4696226.2,19.4,79,7.8,4,0,15.62,20.2,15.5
2023-10-03,3,14546808.6,5039054.5,21,73,8.5,0,0,16.17,21.8,15.7
2023-10-04,4,14787658.6,5100854.3,20.7,78,5.7,26,0,15.77,22.1,16.5
2023-10-05,5,13234578.6,4909825.2,20.9,74,15.2,96,13.7,11.21,20.7,15.8
2023-10-06,6,12266659.2,4605451.7,17.6,79,14.1,46,12.6,13.64,16.7,13.6
2023-10-07,7,11222761.5,3779581.6,12.2,66,16.5,42,0.3,11.19,8.7,5.7
2023-10-08,1,11712407.1,3398071.1,9,72,24.3,86,2.4,6.65,4.1,4.1
2023-10-09,2,12614316.1,3272465.6,9.3,60,25.7,99,0.5,5.26,3.7,1.9
2023-10-10,3,11578748.8,4115646.3,10,68,17.7,97,3.4,7.92,6,4.1
2023-10-11,4,11293548.2,4190652.1,10.6,74,14.6,56,1.1,11.89,7.4,5.7
2023-10-12,5,11100790.5,4215283.9,9.5,72,11.5,26,0,13.61,6.5,4.3
2023-10-13,6,11189297.2,4209098,9.8,71,9.6,88,0,11.57,7.1,4.6
2023-10-14,7,11844971.2,3862388.9,10.8,72,16.9,93,4,4.13,7.2,5.6
2023-10-15,1,12548425.1,3602632.6,8.4,74,19.6,75,0.6,4.89,4.1,4
2023-10-16,2,11596203.5,4125830.1,10.7,72,20.1,72,0,10.54,6.7,5.8
2023-10-17,3,10996344.7,4186288.5,11.1,68,9.4,89,0,8.87,8.6,5.4
2023-10-18,4,10845223.4,4193227.5,11.6,72,11.8,69,0,9.84,9,6.5
2023-10-19,5,10798774.7,4224858,12.8,79,13.5,83,1.5,9.76,10.6,9.1
2023-10-20,6,11037738.4,4240987.4,12.8,90,15,79,7.7,4.1,11,11.1
2023-10-21,7,11912246.4,3892872.1,10.2,79,18.7,63,0.2,7.52,6.7,6.6
2023-10-22,1,12651275.3,3649061.5,7,61,21.3,40,0,11.85,1.7,-0.2
2023-10-23,2,11732561.1,4175242.8,6.9,75,8.8,45,0,11.95,4,2.5
2023-10-24,3,10846613.4,4215836.4,12.9,75,11.6,64,3.8,11.37,10.7,8.2
2023-10-25,4,10612544.5,4263617.1,16.7,71,15.9,97,2.6,4.01,14.8,11.3
2023-10-26,5,10710082.7,4299928.9,15.7,88,12.6,96,4.9,4.02,15,13.5
2023-10-27,6,10660010,4378595,18,82,19.2,59,3.2,6.89,16.8,14.8
2023-10-28,7,11390935.2,3912801.9,12.4,69,16.4,67,0.3,10.96,9.4,6.7
2023-10-29,1,12791777.3,3646876.2,6.8,70,13.7,100,2.6,3.33,3,1.7
2023-10-30,2,12479420.4,4276700.1,4.2,79,13.3,78,4.8,4.52,0.2,0.7
2023-10-31,3,12438673,4400039.2,2.1,69,10,45,0.2,10.85,-1.9,-3.5
2023-11-01,4,12795757.5,4519187.5,1.4,65,13.3,36,0,10.09,-3.3,-4.9
2023-11-02,5,12484273.3,4502799.5,4.7,58,17.3,65,0,7.3,-0.3,-2.9
2023-11-03,6,11816296.8,4393009,9.5,57,23.7,82,0,8.99,4.2,1.3
2023-11-04,7,12272982.6,4006823.7,9.4,77,10.2,87,3.1,7.1,6.7,5.2
2023-11-05,1,12911415.4,3754342.4,6.4,77,7.8,62,0,7.29,3.5,2.4
2023-11-06,2,12057677.5,4280550.5,9.5,78,17.5,93,3.2,5.98,6,5.8
2023-11-07,3,11900147.7,4371167.4,8.4,74,19.6,79,0,4.02,4.3,3.9
2023-11-08,4,13408157,4653937.7,0.9,70,16.7,74,11.5,4.44,-4.2,-4.1
2023-11-09,5,12591413.6,4562944,6.9,73,20.3,61,6.9,5.98,2.1,2
2023-11-10,6,12329475.7,4496914.8,5.9,59,15.2,38,0,9.25,1.3,-2
2023-11-11,7,13600957.3,4220774.9,2.5,72,8.5,59,0.1,4.56,-1.2,-2.2
2023-11-12,1,13919352.1,3951714.3,1.7,74,6.7,52,0,7.79,-1.8,-2.5
2023-11-13,2,12579392.8,4378733.3,6.4,74,14.5,30,0.1,9.47,2.5,1.8
2023-11-14,3,12153973.9,4447147.3,5.5,73,11.7,56,0,7.08,1.8,0.9
2023-11-15,4,12096783.3,4457970.9,6.6,79,12.9,64,0,7.66,3,2.9
2023-11-16,5,11869043.7,4444898.7,5.5,80,7.2,56,0,8.61,2.7,2.3
2023-11-17,6,12246336.1,4451370.2,9.5,68,20.9,82,2.9,2.03,5.1,3.7
2023-11-18,7,13215044.3,4178378.5,3.2,65,13.3,37,0,8.4,-1.3,-3
2023-11-19,1,13980391.1,3953793.3,2.7,68,14.4,27,0,6.81,-1.9,-2.8
2023-11-20,2,13810296.5,4639069.7,-1.9,65,10.2,54,0,8.72,-6.4,-7.8
2023-11-21,3,13942082,4787922.5,3.1,80,23.5,100,11,1.83,-2.5,-0.1
2023-11-22,4,13056235.1,4669046.4,5.5,86,12.4,95,4.3,3.1,2.1,3.2
2023-11-23,5,13062778.8,4699332.9,4.2,70,18.5,80,0,4.18,-0.7,-0.9
2023-11-24,6,13854592.6,4852313,-1.7,58,13.7,55,0,5.27,-6.8,-9
2023-11-25,7,14613599.6,4492368,-0.3,70,11.5,69,0,6.63,-4.7,-5.1
2023-11-26,1,14573065.5,4111546.8,2.4,80,10.4,89,9.4,6.53,-1.3,-0.7
2023-11-27,2,14064076.5,4745451.5,1.1,68,24,84,0.2,6.08,-5,-4.4
2023-11-28,3,14672325.8,4995937.8,-2.9,55,21.9,37,0,8.23,-9.4,-10.9
2023-11-29,4,14996911.2,5096606.2,-2.1,65,19.5,73,0.4,2.68,-8,-7.8
2023-11-30,5,13557629.2,4858279.7,2.9,75,18.4,46,0,7.92,-2,-1.2
2023-12-01,6,13584983.8,4832123.5,3.5,88,12.5,100,9.6,0.91,-0.2,1.6
2023-12-02,7,14503263.3,4514117,3.2,90,9.6,100,3.2,2.09,-0.1,1.7
2023-12-03,1,15107616.4,4252706.8,2.4,89,13.9,100,8.5,1.26,-1.7,0.6
2023-12-04,2,14035459.6,4783195.3,2.4,79,14.8,92,0.5,4.07,-2,-1
2023-12-05,3,14053687.9,4898990.9,-0.5,81,5.3,83,0.8,2.57,-3.9,-3.4
2023-12-06,4,14164242.2,4969453.7,-1.4,75,9.7,69,0.6,6.03,-5.6,-5.3
2023-12-07,5,14085376.9,4952686.9,1.9,81,11.9,99,1.8,4.58,-2.2,-1.2
2023-12-08,6,13531832.1,4806598.4,3.1,87,10.9,79,0,6.97,-0.4,1.1
2023-12-09,7,13543914.1,4331782.3,8.6,76,14.4,99,3.8,4.12,5.2,4.5
2023-12-10,1,14161798.1,4090370.1,5.8,78,13.7,96,3.9,3.86,2.1,2
2023-12-11,2,14157982.9,4795621.6,1,64,19.2,94,0,3.66,-4.6,-5.3
2023-12-12,3,14165225.4,4913483.3,1.9,62,23,56,0,5.24,-4.2,-4.8
2023-12-13,4,14267377.5,4986217.8,-0.3,56,18.1,43,0,5.89,-6.1,-8.2
2023-12-14,5,14227004.5,4994103,0.9,62,14,55,0,6.21,-4,-5.7
2023-12-15,6,13200249.6,4774526,5.3,73,16.5,39,0,7.35,0.9,0.7
2023-12-16,7,14035136.7,4419609.4,3.6,90,13.7,100,0.3,3.02,-0.2,2.1
2023-12-17,1,14543864.8,4149252.9,5.8,83,13,100,10.4,0.88,2.3,2.9
2023-12-18,2,13608690.9,4688446.3,4,92,15.2,100,3.1,1.32,0.2,2.8
2023-12-19,3,14748750.3,5027017.9,-2.5,63,22.1,58,1.9,5.99,-8.9,-8.7
2023-12-20,4,14385121.8,4986733.3,0.6,65,11.3,51,0,6.36,-3.9,-5.4
2023-12-21,5,14596014.2,5041874.2,-1.8,72,16.1,64,0,6.69,-7,-6.2
2023-12-22,6,15290315.3,5043554.5,-1.8,80,15.7,98,0,2.89,-6.9,-4.9
2023-12-23,7,15292717.5,4536981.8,1.7,92,9.8,98,9,0.99,-1.8,0.6
2023-12-24,1,14661355.7,4065802.5,2.5,95,7.2,99,0.2,2.31,-0.3,1.8
2023-12-25,2,14050791.7,3650385.6,4.4,97,13.9,100,0,2.94,0.9,3.9
2023-12-26,3,13215739.7,3930916.9,5.1,96,10.3,98,0,2.18,2.2,4.4
2023-12-27,4,12971641.1,4396670.5,6.3,99,13.6,100,20,1.11,3.4,6.2
2023-12-28,5,12862547.7,4436821.4,6.2,98,8.8,100,3.8,1.12,3.9,5.9
2023-12-29,6,13065746,4447743,5.5,94,11.8,100,5.8,1.67,2.4,4.5
2023-12-30,7,14502772.3,4413145.1,0.5,75,12.8,93,0.2,3.92,-3.9,-3.5
2023-12-31,1,15046506.9,4218571.1,0.1,81,8.5,100,2,2.04,-3.7,-2.9
2024-01-01,2,15154926.4,3988932.8,-1.8,71,9.9,90,0.7,3.46,-6.2,-6.4
2024-01-02,3,14722406.6,4780271.9,-0.8,70,18,64,0,7.11,-6.3,-5.8
2024-01-03,4,14420576.2,4847705.6,0.8,78,15.4,100,0.3,2.87,-4,-2.7
2024-01-04,5,14740809.8,4997385.3,-4,62,16.2,34,0,7.62,-9.6,-10.5
2024-01-05,6,15146206.5,5034215,-2,62,16.3,94,0,4.48,-7.5,-8.4
2024-01-06,7,15620659.7,4666638.8,-0.6,76,16.4,100,3.5,2.8,-5.7,-4.3
2024-01-07,1,16108781.7,4422046.5,-1.7,78,10.2,89,2.5,5.81,-6,-5.1
2024-01-08,2,14507171.9,4866619.8,-0.1,82,8,66,0.2,4.27,-3.8,-2.9
2024-01-09,3,14745597.9,4942530.2,1.7,89,24,100,28.2,0.69,-3.9,0
2024-01-10,4,14310099.5,4960273.3,2,76,27.4,88,4.5,3.28,-4.3,-2
2024-01-11,5,14343188.8,4982722.5,0.5,85,10.9,89,3.9,2.16,-3.5,-1.8
2024-01-12,6,14848420.9,5034020.6,0.2,86,21.9,94,8.6,3.37,-5.4,-1.9
2024-01-13,7,15857024.7,4696051.7,0.8,75,28.6,99,7.6,2.84,-5.9,-3.2
2024-01-14,1,17161074.8,4654959,-6.2,61,30.6,80,0,7.08,-14,-12.4
2024-01-15,2,16890587.5,5379049,-11.1,58,19.7,47,0,8.83,-17.7,-18
2024-01-16,3,16775669.6,5484556.3,-9.3,62,13.9,75,1.7,5.36,-15,-15.5
2024-01-17,4,17249869,5638845.8,-11,55,22.2,40,0,8.98,-18,-18.5
2024-01-18,5,16500568.8,5524502.7,-6.1,67,15,96,0.1,4.15,-11.7,-11.5
2024-01-19,6,16766264.8,5552804.3,-9.5,67,15,100,0,5.05,-15.2,-14.6
2024-01-20,7,18388194.3,5354026.8,-11.4,61,15.4,100,0.1,4.73,-17.3,-17.4
2024-01-21,1,17861216.2,4893397.1,-6.4,62,12.6,66,0.2,7.18,-11.6,-12.6
2024-01-22,2,16325018.3,5346246.6,-3.3,72,19.8,83,0.5,2.13,-9.3,-7.7
2024-01-23,3,15271293.9,5223029.7,-0.8,89,10.4,100,6.5,2.13,-4.8,-2.4
2024-01-24,4,14893399.2,5177195.7,1.1,97,10.1,100,8.9,1.42,-2.4,0.7
2024-01-25,5,14260715.2,5048945.6,1.4,95,9,100,0.9,3.49,-1.9,0.7
2024-01-26,6,14136234.8,4990949.5,2.7,87,15.3,93,26.9,5.1,-1.5,0.7
2024-01-27,7,14801038.1,4605634.3,1.7,90,4.7,100,0,4.09,-1.1,0.2
2024-01-28,1,15400267.4,4367488.4,1.5,90,13.7,100,1.2,2.03,-2.6,0
2024-01-29,2,14142928,4862724.6,0.6,79,11.4,51,0,9.21,-3.6,-2.9
2024-01-30,3,14305367,4980951,0.4,83,12.7,98,0.2,3.84,-3.9,-2.2
2024-01-31,4,13817235.4,4916808.3,1.3,86,9.8,88,0,6.42,-2.4,-0.9
2024-02-01,5,13840401,4937498.7,2.4,86,15.3,100,0.3,2.96,-1.9,0.3
2024-02-02,6,13652681.6,4905481.1,0.2,79,16.6,41,0,10.06,-4.8,-3.2
2024-02-03,7,14729222.3,4593268,-2.4,79,6.5,3,0,10.79,-6.2,-5.7
2024-02-04,1,15197408.7,4326631.3,-1.4,80,6.9,4,0,10.58,-5.1,-4.5
2024-02-05,2,14259945.3,4865389,-0.1,76,9.6,57,0,8.29,-4.1,-3.9
2024-02-06,3,13899303.4,4909342.1,-1.3,66,7.8,12,0,11.5,-5.4,-7
2024-02-07,4,13834191.3,4915240.5,0.4,77,6.7,86,0,9.87,-3.2,-3.3
2024-02-08,5,13558102.4,4869253,1.2,86,9.4,81,0,7.53,-2.4,-1
2024-02-09,6,12692867,4643990.3,7.6,75,19.5,39,1,10.87,3.3,3.4
2024-02-10,7,13057987.6,4243619.7,5.5,73,13.7,26,0,11.83,1.5,0.7
2024-02-11,1,14598751.1,4165465.1,0.7,72,9.5,96,0,6.72,-3.3,-3.9
2024-02-12,2,13736150.8,4739561.1,-0.4,74,8.3,68,0.3,6.18,-4.3,-4.6
2024-02-13,3,14200501.5,4956166.7,-1.1,69,14.1,63,0.9,10.83,-6.1,-6.4
2024-02-14,4,14567435.7,5105197.4,-4.3,49,12.2,29,0,12.46,-9.5,-13.8
2024-02-15,5,15138152.9,5151498.7,-2.6,72,14.3,69,5.4,3.41,-7.7,-7
2024-02-16,6,14901130.6,5122277.3,-2.7,67,17.4,70,0.9,6.76,-8.3,-8
2024-02-17,7,15639879.9,4805181.6,-6.3,63,15.1,68,0.1,12.73,-11.9,-12.4
2024-02-18,1,15914757.7,4582617.2,-3.2,63,26.7,87,0.9,9.26,-10.2,-9.3
2024-02-19,2,15899583,4398072.1,-5.8,61,9.4,19,0,14.04,-10.5,-12.4
2024-02-20,3,14295528.8,5001467.3,-1.9,69,8.5,46,0,14.02,-6.1,-7.4
2024-02-21,4,13529537.4,4863776.3,2.3,70,12.8,72,0.9,11.21,-2.1,-3
2024-02-22,5,12706958.2,4722679.1,3.9,78,9.5,100,2.3,8.66,0.4,0.4
2024-02-23,6,13125130.5,4772568.2,0.7,69,14.2,59,0,13.06,-4.1,-4.9
2024-02-24,7,15810400.1,4805521,-8.4,43,14.7,17,0,15.19,-14.3,-19.4
2024-02-25,1,15594433.4,4391034.8,-0.7,56,19.4,65,0.8,11.47,-6.7,-8.8
2024-02-26,2,13210409.8,4666807.1,2.3,70,9.1,59,0,14.88,-1.5,-2.9
2024-02-27,3,12995238.1,4677472.4,6.1,80,12.8,67,0.1,10.48,2.7,2.7
2024-02-28,4,13062290,4748340.6,4.3,76,25.6,85,6.5,10.2,-1.1,0
2024-02-29,5,14937089.4,5184829.1,-5,42,21.6,55,0,9.72,-11.8,-16.1
2024-03-01,6,13743695,4899861.9,0.7,58,10.7,57,0,15.82,-3.7,-6.8
2024-03-02,7,14060039.3,4432134.2,4,87,6.9,99,2,3.61,1.3,1.9
2024-03-03,1,14016268.2,4103468.5,4.7,96,10.3,96,0,7.06,1.8,4.1
2024-03-04,2,12206626.9,4499553.4,6.1,92,12.9,71,0,15.55,3.1,5
2024-03-05,3,11613397,4446658.8,9.7,83,11.9,54,3,13.95,7.2,6.9
2024-03-06,4,12184098.5,4559217.5,6.3,88,14.1,100,1.4,3.39,2.9,4.3
2024-03-07,5,12130901.1,4591545.9,3.9,67,11.7,34,0.2,17.33,-0.1,-1.9
2024-03-08,6,12386429.2,4580584,4.3,73,18.8,96,2.2,14.71,-0.6,-0.2
2024-03-09,7,13338250.8,4256312.9,7,85,18.5,100,13.5,3.6,3,4.6
2024-03-10,1,14660226.5,4206803.9,0.5,66,22.6,99,0.3,9.21,-5.5,-5.3
2024-03-11,2,13313782.1,4652403,2.4,49,19.8,41,0,16.6,-3.5,-7.5
2024-03-12,3,12110389.7,4526577.4,5.5,72,7.6,72,0,16.52,2.6,0.8
2024-03-13,4,11236422.1,4435991.5,10.9,66,10.8,48,0.5,17.96,8.1,4.1
2024-03-14,5,11938209.9,4491231.9,5.7,82,11.3,96,16.5,8.59,2.4,2.8
2024-03-15,6,12132263.8,4539871.6,6.1,79,14,79,1.2,10.63,2.4,2.5
2024-03-16,7,13298555.9,4277490.4,3.2,81,15.3,82,3.9,9.39,-1.1,0
2024-03-17,1,13751997,4033623.5,3.1,65,18.8,31,0.2,17.56,-2.1,-3.3
2024-03-18,2,13752302.7,4743196.2,0,57,19.7,82,0.5,11.06,-5.9,-7.5
2024-03-19,3,13984201.1,4900055.3,-0.1,65,20.5,96,1.2,5.81,-5.9,-5.8
2024-03-20,4,13916143.7,4937745.1,-1.2,53,23.5,56,0.5,16.56,-7.8,-10
2024-03-21,5,14504438.1,5103722.5,-4,44,18.3,44,0,17.53,-10.2,-14.9
2024-03-22,6,15330328.8,5163772.6,-4.4,68,12.6,83,6.4,4.14,-9.4,-9.4
2024-03-23,7,15102870.7,4684148.2,-3,67,16.6,47,1.5,21.16,-8.3,-8.7
2024-03-24,1,15167501.2,4350320.7,-3.5,57,10.1,27,0,21.02,-8.1,-11.3
2024-03-25,2,13350719,4721725.8,3,62,20.8,56,0,20.14,-2.5,-3.7
2024-03-26,3,12897435.9,4696776.6,5.4,72,15.7,97,5,6.15,1.1,0.6
2024-03-27,4,12246400.6,4606956.1,7.2,77,17.8,76,2.5,15.79,3.1,3.3
2024-03-28,5,12240963.6,4631945.5,2.8,62,11.5,8,0,21.27,-1.4,-4.2
2024-03-29,6,13542916.7,4067672.3,1.4,62,16.2,44,0,13.55,-3.8,-5.4
2024-03-30,7,13196130.7,4221943.6,1.8,69,9.4,66,0.3,17.06,-2,-3.4
2024-03-31,1,13194223.4,3842462.2,3,72,12.6,89,0,13.92,-1.2,-1.6
2024-04-01,2,12358915.8,4306072.2,5.1,66,9.1,89,0,20.14,1.7,-1
2024-04-02,3,12822341.4,4607378.4,4.5,75,31.2,100,3.8,4.78,-2.1,0.2
2024-04-03,4,13492214.2,4758911.2,4.2,96,29.7,100,44.8,2.31,-1.7,3.6
2024-04-04,5,13515697.7,4835605.5,2.4,90,17,100,7.6,5.86,-2,0.9
2024-04-05,6,13234733.8,4770832.3,2.6,73,20.5,97,1.6,14.15,-2.8,-2.1
2024-04-06,7,12925099.9,4249222.4,6.5,61,20.9,23,0,23.16,1.5,-1.2
2024-04-07,1,12603230.4,3890612.7,7.1,57,10.7,10,0,23.49,3.6,-1.1
2024-04-08,2,11912016,4329361,6.8,64,9,72,0.1,15.51,3.5,0.3
2024-04-09,3,11220029.2,4386317.7,8.7,70,8.6,50,0,20.22,6.2,3.4
2024-04-10,4,10675697.4,4335649.6,11.5,70,10.8,78,0,19.71,9.1,5.9
2024-04-11,5,11431741.2,4393662,9.2,89,18.2,100,17.2,6.29,6,7.4
2024-04-12,6,11840815.6,4428398.2,8.7,86,22.4,100,33.1,7.23,4.6,6.4
2024-04-13,7,12901288.5,4162598.2,6.4,68,27.9,71,5.5,14.78,0.3,0.3
2024-04-14,1,12424261,3794523.6,8.7,79,8.3,57,4.7,18.71,6.7,5.3
2024-04-15,2,11139282.2,4247793.1,9.4,68,12,17,0.1,19.94,6.2,2.9
2024-04-16,3,10822969,4300186.7,9,61,11,21,0,24.84,6,1.8
2024-04-17,4,12168066.9,4461148.1,6.2,76,27.3,96,10.5,8.94,0.5,2.1
2024-04-18,5,11599116.4,4426799.7,10.6,81,12,89,1.4,12.06,8.1,7.2
2024-04-19,6,11507495.2,4410072.3,9.6,73,14.8,68,1.9,15.79,6.2,4.4
2024-04-20,7,12830617.6,4109764.7,5.9,52,17.1,68,0.8,18.79,0.9,-3.5
2024-04-21,1,13198050.3,3849299.2,5.1,54,15.8,54,0.1,15.24,0.1,-4.1
2024-04-22,2,11841067.8,4315740.2,5.2,58,12.9,16,0,25.31,1.2,-2.5
2024-04-23,3,11599163.8,4325634.4,10.1,63,22.2,97,3.7,15,5.4,3.2
2024-04-24,4,11588606.4,4396327.4,6.7,64,19.4,58,2.9,19.38,2,-0.6
2024-04-25,5,11865950.3,4463730.8,2.7,59,10.6,0,0,26.93,-1.2,-4.6
2024-04-26,6,11783632,4432064.6,4.8,59,16.4,29,0,27.33,0.3,-3.1
2024-04-27,7,12507697.7,4068247.7,10.1,81,14.7,88,7.8,8.51,7.4,7
2024-04-28,1,12160525.9,3772358.4,15.7,88,14.5,66,2.9,10.73,14.8,13.6
2024-04-29,2,11289134.9,4227695.9,9.4,84,18.9,96,7.9,15.2,5.8,6.8
2024-04-30,3,11081567.8,4307079.6,10.3,90,7.7,77,9.6,15.78,8.9,8.7
2024-05-01,4,10845523.3,4285014.9,10,89,8.3,52,0,21.09,8.5,8.3
2024-05-02,5,10640595.9,4333098.8,12.8,73,12.9,24,0,25.76,10.8,8.1
2024-05-03,6,10812305.9,4269929,11.3,81,12.8,81,2.2,13.71,9,8.2
2024-05-04,7,11452905.1,4008648.2,13.3,86,12.7,68,0,21.25,11.9,10.9
2024-05-05,1,11958832.2,3670328.4,13.3,93,8.8,80,11,12.63,12.8,12.2
2024-05-06,2,10772983.3,4164658.1,13,57,12.6,82,0,24.8,10.2,4.4
2024-05-07,3,10569761.8,4255592.6,12.2,63,12,50,0.5,27.63,9.8,5.3
2024-05-08,4,10623063.8,4285890,13.9,72,19,56,1.5,19.89,10.8,8.6
2024-05-09,5,10586887.1,4240600.5,10.9,79,8.2,58,0.3,19.71,9.1,7.1
2024-05-10,6,10645659.2,4231429.6,11.4,73,7.6,62,0.2,24.63,9.7,6.7
2024-05-11,7,11439041.9,3882703.2,10.3,81,10.2,78,2.5,16.69,8.1,7
2024-05-12,1,11524103,3619376.2,11.9,78,11.5,62,0.9,21.89,9.8,7.9
2024-05-13,2,10952558.2,4153573.4,15.1,76,14.7,61,0.7,23.75,13.6,10.8
2024-05-14,3,10718420.2,4307521.2,15.7,91,6.1,91,4.1,17.11,16.4,14.1
2024-05-15,4,10648450.8,4321390.3,14.6,78,10.4,86,0.3,20.29,13.6,10.8
2024-05-16,5,10912080,4486667.4,15.2,80,7.7,49,0,26.34,15,11.7
2024-05-17,6,10949570.6,4372775.6,13.8,95,9.3,99,6.9,8.95,13.4,12.9
2024-05-18,7,11548099.4,4085090.1,15,94,8.7,53,0.1,22.13,15.3,14
2024-05-19,1,11899643,3885043.8,15.3,94,4.7,77,0,23.3,16.3,14.3
2024-05-20,2,13806431.9,3880420.5,17.7,73,7.1,72,0.5,26.15,18,12.5
2024-05-21,3,15149342.9,5014204.4,19.7,78,8,62,2.1,22.12,20.7,15.6
2024-05-22,4,16428100.3,5246510.3,19.5,84,13.9,53,6.8,22.56,19.9,16.5
2024-05-23,5,14550178.1,4994182.3,19.4,58,14.4,31,0,26.64,17.7,10.3
2024-05-24,6,13721020.3,4899033.4,17.9,61,10.3,11,0,29,17,9.9
2024-05-25,7,12236021.9,4080496.6,14.2,80,9.8,71,3.6,14.66,13.1,10.7
2024-05-26,1,12726101.8,3908140.3,15.7,83,13.2,75,0,26.1,15,12.6
2024-05-27,2,12259018.4,4445077.5,18,85,23,87,34.3,14.16,16.5,15.2
2024-05-28,3,11399215.4,4371589.5,16.6,75,15.3,89,1.4,18.03,15,12
2024-05-29,4,11188373,4388092.5,14.8,64,12.2,67,0.2,27.42,12.8,7.2
2024-05-30,5,10885131.6,4338724.8,13.6,50,14.9,2,0,30.25,10.3,3.1
2024-05-31,6,11400198.4,4510548.3,15.2,53,13.5,14,0,30.03,12.6,5.4
2024-06-01,7,12469786.1,4216277.4,15.3,65,7.6,79,0,25.62,14.2,8.6
2024-06-02,1,12427141.1,3730159,15.7,84,6.8,98,3.6,8.48,15.6,12.8
2024-06-03,2,12341686.2,4498091.1,17,94,7.1,72,1.2,19.46,18.3,16
2024-06-04,3,14292501.2,4952730.7,18.2,90,6.7,83,0,23.72,19.7,16.5
2024-06-05,4,14909753.5,5061001.4,19.3,85,9.7,100,2.8,15.99,20.3,16.6
2024-06-06,5,14945273.1,5054558.4,20.2,72,12.4,49,3.3,24.82,20.1,14.3
2024-06-07,6,12182068.5,4488147.3,16.7,68,15.6,63,4.8,19.35,14.7,10.7
2024-06-08,7,11980802.9,4065280.6,16.3,66,17.1,62,2.3,17.47,13.7,9.4
2024-06-09,1,12170902.3,3667039.8,14.6,76,14,51,6.4,17.24,12.7,10.3
2024-06-10,2,10925386.8,4057612.9,12.9,69,16.9,59,0.6,18.45,9.8,7.3
2024-06-11,3,10775726.1,4172209.1,13.3,71,9.8,74,0,15.56,11.4,8.1
2024-06-12,4,11361531.4,4446207.7,16,77,9.2,54,0,26.49,15.5,11.7
2024-06-13,5,14330112.9,5024844.7,21.8,67,17.7,79,8.9,25.04,21.2,15.2
2024-06-14,6,14699944.5,4933168.6,19.5,63,13.1,18,0.2,27.79,18.6,11.8
2024-06-15,7,13316382.7,4296044.1,16.8,60,10.1,18,0,30.36,15.6,8.7
2024-06-16,1,13157241.1,3946041.3,16.2,70,11.9,95,0,26.88,14.9,10.4
2024-06-17,2,16722784.6,5124019.5,21.3,74,10.5,50,0.2,27.54,22.5,16.4
2024-06-18,3,20677576.9,5675226.1,23.9,81,10.4,70,0.1,24.82,26.7,20.3
2024-06-19,4,22551251.8,5974973,25.1,82,10.5,85,0,21.15,28.5,21.7
2024-06-20,5,22194817.5,5945401.1,24.3,83,8.7,80,15.9,21.32,27.7,21.1
2024-06-21,6,18628812.3,5510949.2,21.3,90,8.3,66,3.2,20.61,23.9,19.5
2024-06-22,7,17220837.3,4833731.5,19.9,93,8.7,97,5.6,15.4,21.8,18.6
2024-06-23,1,17270563.9,4503928,21.7,78,21.1,72,3.6,19.45,21.5,17.4
2024-06-24,2,16814652.6,5120604.2,21.4,57,18,24,0,28.9,19.7,11.6
2024-06-25,3,15265429.7,5046754.9,20.3,75,16.4,80,4.1,17.18,19.9,15.6
2024-06-26,4,15937789.5,5170159.7,21.8,75,12.5,67,6.5,15.88,22.4,16.6
2024-06-27,5,13082903,4724974,17.4,61,14.7,22,0,23.6,15.2,9
2024-06-28,6,11945448.8,4601389.6,16.4,64,11.5,80,0.1,21.17,14.9,9.4
2024-06-29,7,14333858.7,4496681.8,21.4,87,15,94,10.9,12.08,22.7,19.1
2024-06-30,1,13208030.5,3969231,18.3,72,20.1,41,0.1,20.95,16.5,12.9
2024-07-01,2,12974395.5,3749341.3,17.7,64,10.6,0,0,29.82,16.8,10.3
2024-07-02,3,13348577.4,4718636.7,18.2,70,9.3,76,0,21.88,17.9,12.4
2024-07-03,4,17405994.2,5375478.6,22.9,76,14.6,75,5.1,20.19,24.2,18.4
2024-07-04,5,19884959.2,5677303.3,23,79,8.2,59,0.1,22.49,25.4,18.9
2024-07-05,6,19070475.6,5525572.6,22.4,76,7.6,57,3.1,20.58,24.4,17.8
2024-07-06,7,18954523.7,5062823.8,22.4,78,9.8,24,1.5,26.73,24.3,18
2024-07-07,1,19799771.7,4753955.7,20.9,77,7.4,8,0.2,27.01,22.4,16.4
2024-07-08,2,20182876.9,5541850.8,22.3,73,7.5,69,0,24.72,23.9,16.9
2024-07-09,3,20839251.2,5760425.7,23.9,73,8.5,95,0.5,19.43,26,18.6
2024-07-10,4,16220237.2,5136118.3,21.3,86,17.9,100,28.2,9.73,22.1,18.9
2024-07-11,5,15669446.8,5179787.1,22,77,14.2,71,10.9,18.48,22.7,17.5
2024-07-12,6,17463929.8,5362159.7,21.7,74,7.7,25,0.4,25.31,23.4,16.8
2024-07-13,7,19127018.9,5061102.8,22.1,79,7.3,7,0.2,27.3,24.3,18
2024-07-14,1,20079117.4,4801542.7,21.9,84,9.6,45,4.7,20.71,24,18.9
2024-07-15,2,18123611.1,5297122.2,22.6,90,9.8,69,6.4,14.11,25.6,20.9
2024-07-16,3,16366645.8,4925714.3,23.1,82,11.9,60,11.5,15.76,25.1,19.6
2024-07-17,4,17550114.4,5292802.4,22.2,70,9.6,42,1.7,24.06,23.2,16.1
2024-07-18,5,14321100.5,4901800.5,18.7,65,16.3,12,0,24.39,17,11.7
2024-07-19,6,14389628.6,4971662.3,18.4,67,11.3,7,0,26.64,17.7,11.9
2024-07-20,7,16599235.1,4801610.3,20.4,68,10.9,39,0.3,24.12,20.4,14
2024-07-21,1,18343962.3,4614732.7,21.3,72,7.7,55,0.9,22.99,22.4,15.9
2024-07-22,2,18101997.9,5262863.2,21,69,8,74,0,26.1,22,15
2024-07-23,3,19078427.4,5485470,22.2,66,8.7,37,0.4,26.1,23.1,15.3
2024-07-24,4,17562002.9,5375029,21.9,79,13.6,53,2,19.93,23,18
2024-07-25,5,15026332.4,5031578.1,19.5,62,15.3,9,0,25.6,18,11.3
2024-07-26,6,15870576.4,5160499.9,20.1,59,11.2,2,0,27.8,19.5,11.7
2024-07-27,7,17525987.2,4907146.2,20.9,66,7.7,33,0,27.57,21.4,13.9
2024-07-28,1,19790113.9,4796419.5,22.1,78,7.5,11,0,27.21,24.3,17.9
2024-07-29,2,20738999.9,5614902.3,22.9,78,7.3,6,0,27.35,25.4,18.5
2024-07-30,3,21785434,5895447.6,23.5,86,9,54,7.7,22.52,26.7,20.8
2024-07-31,4,22755461.2,6036925.7,25,77,10.1,34,1.1,22.93,27.8,20.2
2024-08-01,5,22134611.4,5979925.4,24.3,81,6.4,52,0,23.1,27.9,20.6
2024-08-02,6,21275062,5893063.7,23.4,89,5.5,92,13.2,10.67,27.4,21.6
2024-08-03,7,20989952.4,5352278.9,24.1,82,9.2,85,0,19.16,27.1,20.8
2024-08-04,1,19973997.1,4871487.6,24.6,60,11.5,28,0,21.73,25.1,15.8
2024-08-05,2,18468920,4602157.2,21.9,83,6.9,86,3.4,17.91,24.3,18.8
2024-08-06,3,13922120.3,4750782.3,19.3,83,11.4,82,5.7,7.17,19.8,16.3
2024-08-07,4,14043853,4885149.6,19.5,64,13.5,16,0,26.36,18.7,12.5
2024-08-08,5,14999959.9,5103125.2,20.7,85,13.3,63,6.2,16.45,21.8,18.2
2024-08-09,6,16665102.8,5263014.3,22.6,78,11.7,62,14.6,18.85,24.1,18.1
2024-08-10,7,14203557.6,4438763.1,19.2,63,17.1,21,0.3,23.64,17.5,11.6
2024-08-11,1,13522075.3,3975217.7,18.1,64,17.7,26,1.5,21.52,15.9,10.8
2024-08-12,2,12801823,4547058,18.8,68,12.8,52,0.3,20.13,18,12.6
2024-08-13,3,14484586.8,4941543.8,20.6,69,8.6,45,0.1,22.27,21,14.3
2024-08-14,4,16251544.6,5209881.5,21.2,68,10.2,7,0,25.37,21.6,14.5
2024-08-15,5,17378758.8,5397793.5,22.1,67,8,4,0,24.99,23,15.1
2024-08-16,6,16597252.1,5297247.5,22.6,78,10.7,88,4.5,17.89,24.3,18.4
2024-08-17,7,16833418.4,4802194.9,22.1,87,14.1,92,2.9,15.12,23.9,19.8
2024-08-18,1,17514799.5,4493510.1,21.3,88,12,85,6.9,17.11,23,19.1
2024-08-19,2,12060837.5,4274319.1,17.1,69,21.4,77,0.5,14,14.4,11.3
2024-08-20,3,10923325.8,4242283.8,15.2,60,18.6,31,0,18.29,11.8,7.3
2024-08-21,4,11022692.1,4332179.6,16,61,16.5,32,0,20.47,13.2,8.2
2024-08-22,5,11915605.8,4598580.3,18.2,63,12.5,24,0.1,19.49,16.7,10.7
2024-08-23,6,13035251.9,4772820.1,18.6,70,13.4,35,0,21.41,17.7,12.8
2024-08-24,7,14440755.6,4514920.4,19.2,76,9.1,17,0.1,22.19,19.6,14.5
2024-08-25,1,17220570.3,4484619.3,21,78,6.2,29,0.1,20.43,22.6,16.8
2024-08-26,2,18283503.5,5289614.9,21.5,78,6.6,18,0,22.24,23.3,17.2
2024-08-27,3,20729774.4,5750914.6,23.8,80,9,65,0.3,19.91,26.7,20.2
2024-08-28,4,17186281,5279783.2,21.3,87,10.5,98,1.5,9.36,23.2,19
2024-08-29,5,13559220.1,4831723.1,18.3,73,10,74,0,13.59,17.9,13.4
2024-08-30,6,15382217.4,5134719.5,19.9,85,8.6,49,0,19.73,21.5,17.3
2024-08-31,7,17696072.6,4862755.7,22.7,78,9.2,53,6.7,18.4,24.6,18.3
2024-09-01,1,15550773,4290063.6,20.6,61,15.9,8,0.3,20.61,19.2,12.5
2024-09-02,2,12761433.7,3632123.1,15.7,53,15.9,0,0,22.77,12.5,5.4
2024-09-03,3,11675714.3,4445958.2,16,56,10.8,0,0,22.07,13.8,6.8
2024-09-04,4,12424827,4679111.3,17.7,68,6.7,0,0,22.06,17.5,11.5
2024-09-05,5,13426463.2,4872791.3,19.9,75,10.5,6,0,21.91,20.3,15.1
2024-09-06,6,12808346.9,4703705.7,19.6,78,14.3,87,15,12.32,19.5,15.6
2024-09-07,7,11698036.6,3886350.2,13.2,74,20.4,57,6.7,18.04,10,8.5
2024-09-08,1,11740245.6,3547633.7,13.5,58,20.3,60,0.2,15.04,9.3,4.9
2024-09-09,2,11072306.2,4140239.1,15.7,78,12.8,51,9.6,11.62,14.4,11.8
2024-09-10,3,11304772.8,4371865.3,16.1,73,8.5,33,0,20.65,15.2,10.6
2024-09-11,4,11622853.1,4501042.1,17.2,76,6.5,25,0,20.73,17.4,12.8
2024-09-12,5,12413240.2,4718773.5,18.9,87,7.7,6,0,20.07,20.4,16.6
2024-09-13,6,13433418,4894429.3,19.6,87,5.9,3,0,19.83,21.6,17.3
2024-09-14,7,14668286.3,4564101.1,19.5,85,8.7,12,0,19.04,20.8,16.8
2024-09-15,1,16669436,4435606.8,19.9,86,7.7,7,0,19.6,21.6,17.3
2024-09-16,2,16052396.2,5055139.6,19.8,80,5.1,6,0,19.8,21.4,16.1
2024-09-17,3,14428480.3,4963809.6,19,82,8,56,0,17.29,19.9,15.8
2024-09-18,4,13482013.8,4882258,18.8,82,9.1,83,0,15.26,19.4,15.5
2024-09-19,5,14262091.1,5031429.4,18.9,80,8.4,5,0,19.22,19.6,15.2
2024-09-20,6,13826953.9,4975200.9,18.8,78,8.7,43,0.1,17.64,19.4,14.9
2024-09-21,7,14596031.2,4570824.2,19.5,88,7.8,44,3.2,13.38,21,17.3
2024-09-22,1,14729096.7,4177830.6,18.9,90,8.7,64,1,11.3,20.3,17.3
2024-09-23,2,13007059.4,4557596.7,19,90,13.9,84,19.4,11.88,19.6,17.3
2024-09-24,3,11824194.6,4432863.4,17.6,92,16.3,100,6.8,4.09,17.4,16.3
2024-09-25,4,12055013.1,4609366,19,88,18.8,91,12.9,9.8,18.8,17
2024-09-26,5,12614923.9,4726670.1,18.7,74,6.6,50,0,17.41,19,13.5
2024-09-27,6,12017882.4,4607619.4,17.4,75,13,96,0,16.56,16.5,12.8
2024-09-28,7,12740526.1,4264756.6,18.8,75,20.2,90,0.4,11.08,17.2,14.3
2024-09-29,1,14180015.3,4107797.2,18.9,83,13,50,0.4,12.9,19,15.9
2024-09-30,2,13012202.4,4581742.1,17.7,86,10.8,14,0,16.88,17.9,15.2
2024-10-01,3,12058189.3,4564652.4,18.4,89,9.6,57,15.3,9.38,19.3,16.5
2024-10-02,4,11046821.8,4258949.5,14.4,71,11,43,6,14.49,12.5,8.9
2024-10-03,5,10948513.2,4350790.6,15.4,73,10.8,38,0,16.26,14.1,10.6
2024-10-04,6,10962064.8,4313021.8,15,78,8.4,43,1.7,12.23,14.1,10.9
2024-10-05,7,11355967,3912713.7,13.2,67,9.2,6,0,16.55,11.1,6.7
2024-10-06,1,12131964.5,3763947.4,16.7,75,15.3,57,29.3,9.53,15.2,12.2
2024-10-07,2,10803905.4,4066365.1,12.5,64,15.9,25,0.1,12.37,9.1,5.7
2024-10-08,3,10718853,4071724,11.1,65,14,19,0.1,14.56,7.8,4.4
2024-10-09,4,11161641.7,4117909.3,8.8,68,16.8,15,0.1,13.02,4.8,3.1
2024-10-10,5,11268831.4,4187138.7,8.3,71,10.8,23,0,12.59,5.2,3.2
2024-10-11,6,11192686.1,4221432.8,12.8,68,16.1,53,0,14.15,9.7,6.6
2024-10-12,7,11358248,3810931.2,12.1,60,13.7,44,0,15.37,8.9,4.3
2024-10-13,1,11941954.3,3501869.2,9.9,73,16.3,87,1.7,4.34,6.4,5.2
2024-10-14,2,12623748.3,3359096.8,7.3,63,20.9,100,1.3,10.25,2.2,0.3
2024-10-15,3,11929018.3,4182146.5,6.3,70,17.7,74,0.3,11.56,1.7,1
2024-10-16,4,11847939.2,4253867.3,6.9,68,14.5,44,0,8.41,2.8,1.1
2024-10-17,5,11631129,4277336.9,7.2,76,8.9,1,0,14.2,4.3,3.1
2024-10-18,6,11297519,4277710,8.8,73,8.4,0,0,14.29,6.3,4.2
2024-10-19,7,11685464.5,3962487.4,10.4,79,9.6,0,0,13.9,8.3,6.9
2024-10-20,1,11884618.4,3691708.7,13.4,67,13.1,15,0,13.5,10.9,7.3
2024-10-21,2,10985773.9,4276511.3,17.2,60,12.5,7,0,12.61,15.3,9.3
2024-10-22,3,10817250.9,4357526.6,14.9,76,9.8,47,0,12.77,13.6,10.4
2024-10-23,4,10706295.2,4280340.4,15.5,67,19.5,62,0.2,8.63,12.5,9.2
2024-10-24,5,11047797.6,4221472.1,8,70,7.6,60,0,6.31,5.3,2.7
2024-10-25,6,11648050.3,4255469.8,9.1,80,11.4,66,1.9,4.63,6.5,5.9
2024-10-26,7,12205211.9,3931721.1,8,66,17.1,11,0.5,11.12,3.8,1.9
2024-10-27,1,12854080.3,3686242.2,6.5,60,11.3,52,0,10.82,2.6,-1.1
2024-10-28,2,12013382.8,4221014.2,6.9,81,17.4,68,0.1,6.04,3,4
2024-10-29,3,11855300.5,4311431.1,11.4,90,12.9,87,9.3,3.24,9.6,9.8
2024-10-30,4,10854608.6,4372283.2,17.6,76,21.5,100,0,8.19,15.6,13.4
2024-10-31,5,10613037,4361637.6,18.5,74,23.9,91,0.4,7.14,16.2,13.7
2024-11-01,6,11114441.7,4255937.1,11.2,62,23.5,84,0,4.62,6.5,4.2
2024-11-02,7,12549589.4,3970434.8,5.8,63,8.9,76,0,6.81,2.2,-0.8
2024-11-03,1,13180625.3,3721410.1,5.7,77,13.5,72,0,9.86,1.9,1.8
2024-11-04,2,11728593.3,4200239,12,69,18.6,99,0.4,3.8,8.5,6.4
2024-11-05,3,10749558.1,4322633.2,16.8,73,19.9,88,0.3,7.52,14.5,11.8
2024-11-06,4,10601366.8,4303489.6,17.2,73,17.7,79,1.9,7.4,15.3,12.2
2024-11-07,5,10781552.7,4244928.8,10.9,66,13.4,40,0,9.71,7.6,4.6
2024-11-08,6,11416288.4,4259278.4,9.3,63,18.7,32,0,6.78,4.8,2.5
2024-11-09,7,12684602.4,4003672,3.9,66,6.7,21,0,10.5,0.5,-2
2024-11-10,1,13250664.6,3748730.9,8.9,84,12.4,99,6.4,2.02,6.3,6.4
2024-11-11,2,12004840.2,4213050.6,10.7,76,24.1,72,0.4,4.72,6.3,6.5
2024-11-12,3,12332314.3,4414516.4,3.8,64,16.3,26,0,10.16,-1,-2.4
2024-11-13,4,12918259.7,4538498.1,3.7,77,16.4,76,0,7.14,-0.8,0
2024-11-14,5,12375336,4485088.3,7.1,66,17.8,100,1.9,5.45,2.6,1.1
2024-11-15,6,12340536.2,4451093.8,7,88,7.3,94,2.2,3.34,4.7,5.1
2024-11-16,7,12963250.9,4113051.3,6.9,75,12,38,0,8.27,3.5,2.7
2024-11-17,1,13617373.1,3869970.5,6.3,84,8.9,91,0.1,4.71,3.6,3.7
2024-11-18,2,11796223.3,4262144,8.4,80,10.2,35,0.5,9.18,5.7,4.9
2024-11-19,3,12203553.1,4400196.7,7,84,15.6,91,0.8,4.14,3.4,4.4
2024-11-20,4,12099888.7,4436090.2,8.5,89,13.3,86,14.1,3.87,5.8,6.9
2024-11-21,5,12683286,4533681.4,3.9,85,8.1,84,4.3,1.98,0.9,1.6
2024-11-22,6,12899260,4559757.9,5,85,16.8,88,1.7,1.29,0.9,2.7
2024-11-23,7,13482012.8,4214140.2,5.1,81,12.8,71,0,2.98,1.4,2
2024-11-24,1,14038900,3966452.2,4.1,74,13.1,63,0,3.48,0.1,-0.1
2024-11-25,2,13442032.9,4518643.4,2.7,83,11.1,92,1.2,3.88,-0.9,0.2
2024-11-26,3,12794547.6,4532813.5,5.7,78,17.6,76,2.8,6.08,1.4,2
2024-11-27,4,13086547.9,4615772.4,1.9,68,13.4,70,0,8.01,-2.6,-3.4
2024-11-28,5,13254951.2,4694093.5,1.8,75,9.9,96,1.6,4.82,-2.1,-2.2
2024-11-29,6,14092379,4818817.3,-0.2,69,19.2,94,0.1,4.82,-5.8,-5.2
2024-11-30,7,15349482.7,4592645.2,-1.3,66,20.4,81,0.3,4.54,-7.2,-6.9
2024-12-01,1,15821874.3,4312605.9,-1.5,65,15.8,70,0.1,5.08,-6.9,-7.4
2024-12-02,2,14596701,4812017.8,-1.2,68,9,48,0,7.14,-5.4,-6.6
2024-12-03,3,14233955.8,4866995.8,-1.2,71,10.2,46,0.1,7.34,-5.6,-5.9
2024-12-04,4,15015932,5014496.4,-0.2,78,22,98,3.1,1.14,-6,-3.7
2024-12-05,5,14750151.8,5028674.1,-1.1,72,19.2,82,1.6,5.52,-6.7,-5.6
2024-12-06,6,15523281.2,5156228.6,-4.5,74,13.9,90,0,5.91,-9.7,-8.5
2024-12-07,7,16049771.8,4762660,-1,82,17.9,97,2.5,2.22,-6.3,-3.7
2024-12-08,1,15140090.6,4252187.7,3.7,78,15,81,0.1,6.17,-0.6,0.2
2024-12-09,2,14587636.1,4849942,2.3,92,17.2,100,10.7,1.22,-2.2,1
2024-12-10,3,13512325.9,4738703.8,4.2,96,5.7,100,5,2.27,1.9,3.7
2024-12-11,4,13665661,4784427.8,2.6,89,11.9,88,1.9,2.9,-1.1,0.8
2024-12-12,5,15344423.1,5173098.3,-5,64,24.6,28,0,7.68,-11.8,-10.8
2024-12-13,6,15901097.1,5267426.7,-6.5,61,12.4,5,0,7.68,-11.7,-12.8
2024-12-14,7,16413001.9,4874075.3,-4.1,60,11.7,41,0,6.75,-9.1,-10.7
2024-12-15,1,16127440.6,4465916.9,0.6,74,13.9,99,1.1,2.18,-4.1,-3.7
2024-12-16,2,14237214.8,4806061.2,4.6,93,13.2,100,15.5,2.07,1.1,3.6
2024-12-17,3,13752545.2,4825053.4,5.1,78,16.1,91,0.8,3.61,0.9,1.6
2024-12-18,4,14107918.5,4911623.4,1.7,84,9,86,1,1.84,-1.8,-0.8
2024-12-19,5,14661368.3,5045099.4,-1.8,65,10.7,97,0,4.12,-6.3,-7.4
2024-12-20,6,15665092.8,5177301.6,-3.3,77,14.4,100,3.1,3.06,-8.4,-6.8
2024-12-21,7,17056790,4994538.6,-9.6,68,15.3,74,0.3,6.61,-15.4,-14.4
2024-12-22,1,18119577.5,4888480.2,-13.1,67,5.8,56,0,7.54,-17.7,-18.1
2024-12-23,2,16652888.8,5137844.3,-2.7,77,13.5,100,6.1,1.93,-7.5,-6.2
2024-12-24,3,15755748.8,4617005.1,-0.3,89,8.9,97,2.9,4.31,-4,-1.9
2024-12-25,4,15766652.1,4000710.3,-2.5,83,5.9,68,0,4.21,-6.1,-5
2024-12-26,5,14959040.6,4301131,-1.7,87,9.8,90,0,3.34,-5.7,-3.6
2024-12-27,6,14639405.5,4737996.1,0.7,90,16.3,99,0,6.1,-3.9,-0.7
2024-12-28,7,14322109.9,4446502.4,5.3,94,13,87,2.4,3.2,2.1,4.3
2024-12-29,1,14317174.7,4166625.6,4.8,98,13.7,96,21.5,0.94,1.5,4.5
2024-12-30,2,13890949.1,4563622,4.6,85,23.6,100,3.5,1.71,-0.6,2.2
2024-12-31,3,14317752.1,4439192.6,1.7,87,12.3,74,3.1,3.73,-2.3,-0.3
2025-01-01,4,14521932.2,3935257.9,1.6,84,18.8,100,2,2.47,-3.4,-0.9
2025-01-02,5,14711868.1,4789579.4,-1.2,72,19.9,21,0,7.62,-6.9,-5.6
2025-01-03,6,15335228.3,4984716.3,-3.3,65,19.4,45,0.1,7.53,-9.3,-9.1
2025-01-04,7,16643735.1,4859860.3,-4.5,64,23,89,0.8,4.69,-11.1,-10.2
2025-01-05,1,16987236.1,4584202.4,-4.2,68,16.9,97,0.4,2.44,-9.9,-9.2
2025-01-06,2,16349776.1,5240576.2,-7.9,67,13.3,78,0,5.16,-13.3,-13
2025-01-07,3,16484519.4,5357858.4,-7.6,74,16.3,90,0.2,3.51,-13.3,-11.4
2025-01-08,4,16759712.1,5471076.9,-10.2,71,14.7,100,0.1,5.34,-15.9,-14.4
2025-01-09,5,16802353.4,5527791,-9.2,66,13.8,79,0,4.63,-14.8,-14.6
2025-01-10,6,16584823.8,5421113.5,-7.3,70,8.2,84,1.9,6.25,-11.9,-11.9
2025-01-11,7,16324348.2,4875494.3,-3.9,86,7.3,80,3,7.91,-7.9,-6
2025-01-12,1,16172714.5,4507625.7,-1.4,83,10.3,97,0.9,6.29,-5.6,-3.9
2025-01-13,2,15496561.8,5099967.8,-1.5,82,20.2,93,2.1,5.9,-7.1,-4.2
2025-01-14,3,16187061.9,5349060.2,-7.8,69,22.3,61,0,7.73,-14.5,-12.5
2025-01-15,4,16433620.1,5442412.5,-6.7,77,12.4,82,0.1,6.45,-11.8,-10
2025-01-16,5,16134727.7,5384288.6,-6,80,12.5,92,1.5,4.26,-11,-8.9
2025-01-17,6,15230101.9,5174635.6,-0.8,79,15.8,93,0.1,7.59,-5.7,-4
2025-01-18,7,15758146.6,4805721.3,0.1,82,18.1,95,3.9,1.63,-5,-2.7
2025-01-19,1,17267044.5,4723318.7,-6.8,64,7,100,0.5,5.01,-11.3,-12.6
2025-01-20,2,17408340.2,5510193.4,-12.8,67,15.4,74,0,7.91,-18.7,-17.7
2025-01-21,3,18056136.6,5720483.6,-14,56,17.9,18,0,9.1,-20.4,-21
2025-01-22,4,18518297.9,5849375.2,-13.8,66,15.8,52,0.7,6.39,-19.8,-18.7
2025-01-23,5,17142479.2,5644867.4,-6.6,76,16.1,96,1.1,7.26,-12.2,-10.1
2025-01-24,6,16746181.3,5539071.2,-8.8,73,9.8,41,0.2,8.99,-13.7,-12.7
2025-01-25,7,17365154.9,5165593.2,-6.1,73,16.1,55,0,6.76,-11.7,-10.1
2025-01-26,1,16889795.2,4716159.2,-2.6,73,20.4,69,0.6,7.61,-8.6,-6.8
2025-01-27,2,15801575.8,5222469.9,-3.3,65,24.1,66,0.7,9.21,-10,-9
2025-01-28,3,16009836,5330591.3,-5.7,70,14.9,89,3.4,7.14,-11.1,-10.3
2025-01-29,4,15607323.4,5252883.7,-3.4,72,22.6,58,1.7,10.96,-9.7,-7.6
2025-01-30,5,15919136.3,5374148.5,-6,76,8.8,85,0,7.12,-10.5,-9.7
2025-01-31,6,15220807.1,5189127.5,-0.4,83,10.3,89,0.8,4.79,-4.4,-2.9
2025-02-01,7,17129074.4,5120786.8,-12.5,67,11.9,24,0,11.52,-18,-17.4
2025-02-02,1,17701199.1,4843993,-6.5,77,12.4,99,1.2,5.17,-11.5,-9.8
2025-02-03,2,15619969.4,5156506.2,-1.3,91,9,100,4.2,2.06,-5.1,-2.6
2025-02-04,3,15422759,5273117.8,-5.8,78,15.2,80,0.4,8.23,-11.1,-9.1
2025-02-05,4,15989195.4,5394849.6,-9,73,6.1,77,0,11.66,-13.4,-13
2025-02-06,5,15873694.9,5328945.1,-2,84,19.4,84,2.6,4.98,-7.6,-4.4
2025-02-07,6,15816472.4,5366671.6,-6.1,74,22.3,65,0.6,9.5,-12.6,-10
2025-02-08,7,16650973.5,4989760.9,-6.2,81,10,97,5.1,6.42,-10.8,-8.9
2025-02-09,1,16883933.8,4682201.9,-3.8,83,13.6,97,5.2,8.68,-8.6,-6.2
2025-02-10,2,15870585.5,5242118,-6.6,74,14.2,58,0,10.82,-12,-10.5
2025-02-11,3,15783273.6,5327928.2,-8.1,78,9.6,76,0.2,8.94,-12.8,-11.3
2025-02-12,4,16459912.3,5398458.5,-8.3,76,19.5,99,7,8.5,-14.5,-11.8
2025-02-13,5,16432062,5167911.5,-3.3,85,18.5,90,12,10.11,-8.7,-5.5
2025-02-14,6,15835925.4,5376040.1,-7.1,73,16.6,87,0,10.95,-12.9,-11.1
2025-02-15,7,16699682.5,4945340.1,-4.4,85,13.9,100,8.4,4.38,-9.3,-6.5
2025-02-16,1,17282358.4,4593306.8,-6.1,85,21.1,100,19.8,4.84,-12.2,-8.2
2025-02-17,2,17362787.4,4692763.5,-10,70,24,77,0.3,11.74,-17,-14.4
2025-02-18,3,17084135.5,5536795,-10.6,71,22.6,83,2,10.43,-17.5,-14.9
2025-02-19,4,16665192,5544300.7,-11.7,73,9.5,73,0.8,14.64,-16.7,-15.7
2025-02-20,5,16708768.7,5590286.8,-11.6,77,11.9,100,0.6,10.75,-17,-14.9
2025-02-21,6,16251400.2,5511807.8,-10.1,73,12.6,72,0,13.76,-15.5,-14.1
2025-02-22,7,16605521.9,5021630.1,-6.4,78,14.3,65,0.1,14.86,-11.7,-9.6
2025-02-23,1,16413933.4,4617561.1,-2.6,80,10.6,97,0.2,12.85,-7,-5.6
2025-02-24,2,14583231,4962237.8,0.7,81,19.5,91,0,11.63,-4.6,-2.2
2025-02-25,3,13768774.6,4859229.3,2.2,86,9.3,69,0.3,12.48,-1.2,0.1
2025-02-26,4,13605982.4,4847057.2,-0.9,87,7.3,64,0,13.42,-4.5,-2.8
2025-02-27,5,13980928.8,4928268.9,0.8,90,12.1,95,5.4,11.02,-3.1,-0.6
2025-02-28,6,14631672.5,5042365,-2,81,14.7,69,1.3,9.03,-6.8,-4.8
2025-03-01,7,16227372.2,4906265.7,-6.9,74,22.5,85,0.1,12.87,-13.4,-10.8
2025-03-02,1,17750779.6,4823364.9,-12.2,70,9.1,50,0.1,15.92,-17,-16.6
2025-03-03,2,15337612.6,5080469.4,-5,76,9.3,57,0,15.68,-9.4,-8.6
2025-03-04,3,14432201.1,4970139.3,0.8,78,9.9,93,0.8,5.54,-3.2,-2.6
2025-03-05,4,13933284.4,4871494.4,3.4,91,11.9,97,15.1,7.89,-0.1,2
2025-03-06,5,14637927,5074572.9,-1.6,82,24.2,92,1.5,6.89,-7.8,-4.4
2025-03-07,6,14568475.7,5045937.6,-2.3,69,20,50,0.1,15.79,-8.2,-7.3
2025-03-08,7,15262062,4717273.7,-4.2,73,17.4,47,3.5,17.79,-9.7,-8.4
2025-03-09,1,14821310.7,4302214.4,0.5,73,14.6,39,0,17.34,-4.2,-3.9
2025-03-10,2,12806813.8,4578113,4.4,77,10.4,21,0,17.53,1,0.7
2025-03-11,3,12491730.1,4575405.4,4.3,68,15.6,46,0,17.41,-0.1,-1.2
2025-03-12,4,13810282.2,4860511.3,-2.3,66,13.6,86,0,10.02,-7.4,-8
2025-03-13,5,13404379.1,4809280.5,0.7,64,7.9,93,0,17,-3.1,-5.4
2025-03-14,6,12861564.2,4664022,2.9,69,9.6,82,0,17.19,-0.8,-2.3
2025-03-15,7,12969835.6,4228818.5,8.9,78,15.7,96,1.4,9,5.5,5.2
2025-03-16,1,13024087.9,3916614.6,9.4,87,19.8,84,24.2,7.7,5.9,7.3
2025-03-17,2,12942963.9,4600258.1,0.7,65,11.6,54,0,17.83,-3.7,-5.3
2025-03-18,3,12357058.3,4555055.5,5,73,10.4,52,0,18.55,1.5,0.4
2025-03-19,4,11572681.5,4459466.4,9.7,66,8.5,59,0,18.13,7.1,3.6
2025-03-20,5,12072461.8,4484274.1,7.3,72,19.1,91,2.3,9.51,2.9,2.4
2025-03-21,6,12827572,4628643.5,2.1,62,14,33,0,20,-2.5,-4.7
2025-03-22,7,14091394.9,4383905.2,1.5,62,18.8,85,0.1,13.2,-3.9,-5.1
2025-03-23,1,15145951,4244166.3,-2.8,62,11.6,97,0,15.27,-7.7,-9.3
2025-03-24,2,14015062.3,4731225.4,3.1,77,20.4,91,4.5,9.82,-2.1,-0.5
2025-03-25,3,13658992.8,4785812.3,1.4,71,16.8,90,0.4,7.1,-3.7,-3.5
2025-03-26,4,13576476.3,4826701.1,-0.6,64,12.9,56,0.5,12.07,-5.5,-7
2025-03-27,5,13122663.4,4740410.1,2.3,55,10.9,18,0,20.84,-1.9,-5.9
2025-03-28,6,13658705.3,4794854.7,1.4,78,11.3,88,7.9,5.85,-2.7,-2.1
2025-03-29,7,15095200.5,4569960.2,0.9,90,16.7,100,7.5,5.29,-3.8,-0.6
2025-03-30,1,15262637.7,4242558,2.5,97,12.2,100,9.1,5.91,-1,2.1
2025-03-31,2,13191937,4577418.8,7.1,81,18.9,92,0.9,11.92,3.1,3.8
2025-04-01,3,13164076.8,4677733.1,0.2,56,12,40,0,22.95,-4.3,-8.1
2025-04-02,4,14626265.1,4916083.8,0.3,75,24.5,100,13.7,5.76,-5.9,-3.8
2025-04-03,5,12256791.6,4571528.4,12,74,20.8,93,10.4,18.79,8.6,7
2025-04-04,6,12135264.3,4491726.1,4.6,72,6.5,68,0,21.99,1.9,0
2025-04-05,7,13592985.5,4240970.5,6.3,83,13.7,100,4.8,4.77,2.9,3.6
2025-04-06,1,13848971.9,3991029.3,3,51,13.8,95,0,20.39,-1.7,-6.4
2025-04-07,2,13129429,4508442.2,1.5,69,11.8,63,0.1,18.2,-2.6,-3.7
2025-04-08,3,14286870.7,4878432.2,-3.8,56,24.4,78,0,15.06,-10.7,-11.4
2025-04-09,4,13810251.8,4800520.9,-0.2,53,8,64,0,16.39,-4.4,-9.1
2025-04-10,5,13673769.7,4783419.5,0.9,80,13.4,100,3.3,6.62,-3.4,-2.2
2025-04-11,6,13691543.7,4763159.3,2.9,87,11.3,100,0.4,6.51,-0.8,0.8
2025-04-12,7,13547003.6,4274809.7,4.7,86,7.2,70,0.6,14.54,2,2.5
2025-04-13,1,13121617.8,3893625.2,6.5,67,8.4,47,0,23.99,3.6,0.5
2025-04-14,2,11736125.6,4283039.9,9.2,72,9.3,84,0.4,18.32,6.7,4.4
2025-04-15,3,11997752.3,4385184.5,6.1,64,19.9,68,0.6,14.83,1.1,-0.2
2025-04-16,4,12866800.1,4591230.1,2.7,65,19.8,83,0,13.51,-2.7,-3.3
2025-04-17,5,12144762.5,4504672,4.3,61,8.8,14,0,25.66,0.9,-2.7
2025-04-18,6,12495726.2,3832131.1,9.7,71,10,91,1.8,13.08,7.1,4.7
2025-04-19,7,11683089.4,3980011.5,13.9,80,16.4,97,20.4,12.21,11.9,10.4
2025-04-20,1,12483150.4,3665326.9,5.1,69,9.9,70,0,25.54,1.9,-0.2
2025-04-21,2,12537873.6,4208351.3,8.1,75,17.1,74,1.9,14.23,4.4,3.9
2025-04-22,3,11412688.6,4323733.8,9.6,60,16.8,46,0,21.59,5.4,1.8
2025-04-23,4,11107349.3,4298114.8,8.3,66,5.7,52,0,22.95,6,2.1
2025-04-24,5,10806974.5,4340655.2,13,63,6.5,43,0.8,22.06,11.4,5.9
2025-04-25,6,10833289.3,4279471.8,11.4,70,12,97,0.1,15.97,8.7,6.1
2025-04-26,7,12067625.7,3985682.5,8.3,78,20.2,99,2.1,13.35,4.1,4.5
2025-04-27,1,12188126.6,3734777.3,10.4,45,16.8,14,0,27.19,6,-1.6
2025-04-28,2,10983863.1,4183727.2,10.7,53,7.6,31,0,26.1,8.1,1
2025-04-29,3,10779968.2,4344373,16.1,60,20.9,72,0.3,16.88,13,8.2
2025-04-30,4,11116713.8,4256089,5.9,57,10.4,54,0,26.62,2.4,-2.1
2025-05-01,5,11758743.8,4298705.2,7,70,13.3,92,10.1,8.67,3.2,1.6
2025-05-02,6,11032130.1,4318865.6,13.7,77,15.8,83,1.7,19.65,11.4,9.4
2025-05-03,7,11885106.5,3920971,8.2,81,6.8,100,1.3,9.98,6,5.1
2025-05-04,1,12300522,3662928.7,9.5,73,11.7,94,1.5,13.09,6.6,4.9
2025-05-05,2,11120909.4,4137782.3,11.7,81,18.5,88,31.6,13.82,8.6,8.3
2025-05-06,3,10712897.9,4249022,12.4,90,12,84,4.1,22.65,11.1,10.6
2025-05-07,4,10725739.8,4368336,14.9,75,13.5,40,0.3,24.33,13.4,10.3
2025-05-08,5,10890155.3,4211841.9,8.3,74,8.9,76,0.1,14.23,5.6,3.9
2025-05-09,6,10999755.4,4243419.9,9.3,64,9.2,12,0,27.73,6.7,2.7
2025-05-10,7,11411874.2,3968918.5,12.4,54,11,4,0,28.04,9.8,3.3
2025-05-11,1,11633556.3,3620237.8,9.7,40,11.1,0,0,29.25,6,-4
2025-05-12,2,11032492,4224954.7,14.3,38,6.1,41,0,27.97,11.8,-0.5
2025-05-13,3,10934874.4,4332706.1,15.3,66,11.7,100,5.3,18.06,13.5,8.4
2025-05-14,4,10917268,4318875.8,13.3,90,16.4,97,2,14.69,11.4,11.6
2025-05-15,5,11282584.3,4508509.9,14.9,88,8.5,60,0,22.54,14.8,12.8
2025-05-16,6,12367107.6,4675167.8,19,66,8.6,54,0.8,26.13,18.5,10.8
2025-05-17,7,11927857.9,4014269.8,15.6,74,14.9,94,23.7,16.45,13.8,10.8
2025-05-18,1,11120123,3583338.7,13.5,65,18,83,0,21.82,10.3,6.9
2025-05-19,2,11550216.9,3394949.7,10.4,56,13.5,45,0.5,24.39,7,1.7
2025-05-20,3,10871970.6,4098835.9,9.4,52,10.7,48,0,29.07,6.2,-0.3
2025-05-21,4,11627537.8,4160831.8,8.6,86,21.4,96,14,5.72,4.5,6.2
2025-05-22,5,12164752,4269565.5,8,99,17.2,100,40.6,4.59,4.9,7.8
2025-05-23,6,11788208.1,4239635.7,9.7,80,15.2,99,1,7.4,6.5,6.3
2025-05-24,7,12001929,3896859.3,10.9,74,15.8,76,0.9,18.72,7.7,6.3
2025-05-25,1,12359237,3630242.6,11.5,75,10,34,7.1,18.65,9.4,7.2
2025-05-26,2,10988887.9,4156336.2,13.6,78,6.6,8,0.1,27.86,13.1,9.8
2025-05-27,3,10920487,4285809.6,15,71,7.2,77,0,23.43,14.2,9.7
2025-05-28,4,10889162.9,4182694.3,12,85,12.3,83,6.3,13.55,10.1,9.4
2025-05-29,5,10952087.9,4240673.1,14.5,87,10.6,88,6.8,17.14,13.7,12.3
2025-05-30,6,11292868.1,4465930,16.8,71,9.9,77,0.4,22.55,16,11.2
2025-05-31,7,11638601.2,3841990.7,10.7,69,21.1,80,0.1,15.16,6.5,5
2025-06-01,1,12033936.3,3571643.9,11.3,61,14.5,39,0.1,21.89,7.9,3.7
2025-06-02,2,11161197.6,4167880.9,14.9,51,9,14,0,30.13,12.9,4.5
2025-06-03,3,11544177.8,4443489.3,18.4,59,11.1,7,0,29.79,17.2,10
2025-06-04,4,13714117.3,4888601.5,22.5,57,15.9,60,0.4,27.69,21.6,13.4
2025-06-05,5,12972640.7,4660951.3,18.1,83,7.8,88,18.3,15.07,18.8,15.1
2025-06-06,6,13543555.6,4724422.9,18.3,81,7.4,73,0.2,25.1,19.2,14.8
2025-06-07,7,14502032,4454209.9,19.1,63,10.3,49,1,27.28,18.6,11.7
2025-06-08,1,13384704.3,3915257.7,15.9,69,12.3,65,0.1,23.47,14.3,10.1
2025-06-09,2,12234884.7,4399111.3,15.5,94,9.6,79,3.3,12.86,15.6,14.5
2025-06-10,3,11716782.7,4436941.1,17.4,67,14.1,32,0.3,22.85,15.7,10.7
2025-06-11,4,13238923.5,4775469.7,19.4,70,13.4,12,0.1,28.32,18.9,13.4
2025-06-12,5,13101792,4703805.3,19.4,48,9.9,51,0,26.23,17.9,7.7
2025-06-13,6,11555563.7,4418926.9,14.9,58,12.5,89,0,23.03,12.5,6.3
2025-06-14,7,12400153.1,4182003.5,16.7,57,11.2,60,0,26.76,14.9,8
2025-06-15,1,13342038.1,3997552.7,19,48,8.7,74,0,26.52,17.5,7.6
2025-06-16,2,13783781.8,4717414.7,19.4,55,7.7,65,0,25.73,18.7,9.9
2025-06-17,3,14796191.8,4991414,19,81,5.6,87,0.7,21.86,20.3,15.5
2025-06-18,4,16746924.1,5266936.8,21.7,86,7.2,88,6.2,19,24.4,19.3
2025-06-19,5,13982847.3,4871766,20.3,79,21.8,79,5.2,20.77,19.5,16.2
2025-06-20,6,14263445.8,4958502.4,20.4,67,11.4,35,0.6,24.29,20.2,13.6
2025-06-21,7,16195485.6,4738094.2,21.5,79,11.1,78,5.2,21.3,22.7,17.6
2025-06-22,1,25109286.1,5350192.9,27.3,75,14.4,54,1.3,23.22,30.5,22.3
2025-06-23,2,28049223.7,6303637.7,28.9,66,12.6,11,0,28.31,32,21.3
2025-06-24,3,28794039.2,6602990.2,30.4,52,12.6,44,0.8,24.27,32.1,19
2025-06-25,4,24773767.7,6176186.9,25.9,57,7.8,50,0,24.1,27.3,16.6
2025-06-26,5,15138846.3,4974851.4,19.9,65,15.1,86,0,15.14,18.7,12.9
2025-06-27,6,13761683.8,4923187.1,18.9,87,14.3,84,13.3,21.92,19.5,16.7
2025-06-28,7,17326986.2,4912019.5,23.2,69,15.4,38,2.7,26.01,23.7,16.6
2025-06-29,1,16537622.7,4470340,20.6,63,7.5,3,0,29.19,20.9,13
2025-06-30,2,16346811.9,4899962.7,22.3,76,5.8,49,2.4,20.81,24.4,17.6
2025-07-01,3,19448875.8,4610404.7,24.2,75,10,61,0,21.11,26.3,19
2025-07-02,4,19279498.6,5503591.5,23.6,64,9.5,18,0.6,26.27,24.6,16.1
2025-07-03,5,17396795.4,5303524.2,21.6,55,12.9,36,3.8,27.71,20.6,11.3
2025-07-04,6,15645853.6,5135376.2,20.8,50,9.6,21,0,29.69,19.6,9.3
2025-07-05,7,19776012.7,5212565.4,24.9,61,7.2,34,0.2,27.5,26.6,16.5
2025-07-06,1,25261178.3,5379217,27.9,57,14.5,51,0,25.76,29.1,18.3
2025-07-07,2,23686036.3,5910830.1,26.4,60,13.6,67,0,25.6,27.6,17.8
2025-07-08,3,18287107.1,5443347.2,22.3,70,7.5,76,0.1,16.02,23.4,16.3
2025-07-09,4,17674957.3,5420375.4,22.1,75,6,80,3.8,18.09,23.9,17.3
2025-07-10,5,18927363.6,5610315.3,23.3,76,3.9,18,0.1,25.27,26.2,18.6
2025-07-11,6,21250471.1,5865461.9,24.5,70,6.5,68,0,23.36,26.9,18.4
2025-07-12,7,24652623.8,5781505.4,26.7,70,10.8,62,1.1,27.02,29.6,20.3
2025-07-13,1,24568343.7,5313512.3,26.9,64,11.4,36,1.3,24.36,28.9,19
2025-07-14,2,21922792.2,5718690.9,25.6,59,5.8,42,0,26.3,27.6,16.9
2025-07-15,3,22617873.9,5966789.5,26.4,53,8.4,1,0,28.29,27.7,15.9
2025-07-16,4,23803528.6,6169751.7,26.8,59,7.5,29,1,26.51,28.9,17.8
2025-07-17,5,20960142.4,5872042.4,24.2,69,19.4,64,0.3,22.74,24.6,17.9
2025-07-18,6,14493916.6,5035421.5,19.6,48,8,0,0,29.18,18.4,8
2025-07-19,7,15591371.2,4771155.5,22.4,53,6.4,65,0.1,24.87,22.6,12
2025-07-20,1,18475639.4,4673443,22.7,70,11.6,27,2.4,24.54,23.6,16.5
2025-07-21,2,15293510.8,4869194.5,19.8,55,10.9,19,0,25.97,18.5,9.7
2025-07-22,3,14527604.7,4944677.7,20,57,9.4,24,0,25.26,19.2,11
2025-07-23,4,16576084.3,5282183,22.6,63,7.3,30,0,27.68,23.5,14.5
2025-07-24,5,21733487.7,5991057.7,26.7,67,13.6,62,3.3,24.66,28.7,19.7
2025-07-25,6,21858274.6,5898200.9,26,67,7.9,75,1.7,21.23,28.4,19
2025-07-26,7,20760420.7,5352940.8,23.7,76,6.1,95,3.4,19.36,26.4,19.1
2025-07-27,1,24520401.8,5362825.6,26.7,69,11,32,6.1,24.71,29.2,19.8
2025-07-28,2,24598708.4,6069280.6,26.8,63,10.1,25,0,26.42,28.9,18.7
2025-07-29,3,24778734.7,6181532,26.8,58,9.6,19,0,26.76,28.6,17.6
2025-07-30,4,21397271.3,5864813.5,25.6,53,8.1,80,1.5,22.08,26.3,15
2025-07-31,5,15162589.8,5059155.4,20.2,63,9.3,76,4.7,15.88,19.7,12.7
2025-08-01,6,14296218.9,4939963,20.1,54,7.6,15,0,25.96,19.3,9.9
2025-08-02,7,15173170.7,4641108.5,21.3,52,9.5,7,0,25.52,20.4,10.5
2025-08-03,1,16786407,4530081,23.5,52,6.7,11,0,24.98,23.8,13
2025-08-04,2,18561614.9,4627676.1,23.8,49,7.3,42,0,25.8,23.9,12.3
2025-08-05,3,18816189.5,5440588.6,23.5,70,12.2,53,0,25.35,24.7,17.4
2025-08-06,4,18436063.5,5495501,23.3,68,11.7,41,0,23.38,24.3,16.9
2025-08-07,5,19147067.8,5608738.3,23.8,69,8.1,67,0,24.44,25.6,17.2
2025-08-08,6,19655248.3,5698590.7,25,67,9.9,51,0,23.65,26.9,18.2
2025-08-09,7,22699903.3,5567326.9,25.9,68,9.3,35,0,24.54,28.2,19.1
2025-08-10,1,24898525.1,5400915.1,26.9,60,10,62,0,24.88,28.7,18.3
2025-08-11,2,24700947.9,6110115.1,27.1,60,9.2,5,0,24.76,29.1,18.3
2025-08-12,3,23986634.9,6172566.5,26.6,71,7.8,48,3.4,21.33,29.8,20.7
2025-08-13,4,21260418.7,5865632.1,24.4,74,7.8,68,0.7,20.06,26.9,19.2
2025-08-14,5,19355965.5,5642450.8,22.6,71,7.9,9,0,23.01,24.1,16.9
2025-08-15,6,19801437.3,5713292.7,23.2,71,7.6,1,0,25.02,25.1,17.4
2025-08-16,7,21628119.6,5460626.2,24.3,66,5.8,30,0,24.24,26.4,17.3
2025-08-17,1,19193868.6,4773917.3,22.8,70,10.4,68,6.5,16.23,23.9,16.8
2025-08-18,2,13517729.3,4650528.7,17.8,59,13.4,57,0,24.44,16,9.6
2025-08-19,3,12626960.6,4666259.8,19.5,78,14,99,41.2,5.26,19.4,15.4
2025-08-20,4,12489671.4,4632835.8,19.5,87,15.4,85,5.3,12.32,19.9,17.2
2025-08-21,5,13379603,4825375.1,18.7,80,9,6,0,23.13,19.4,15.2
2025-08-22,6,15348178,5120426.5,20.9,73,7.4,27,0,23.61,22.1,15.7
2025-08-23,7,16008604.4,4782907.1,21.6,73,8.5,98,0.7,11.78,22.7,16.6
2025-08-24,1,16092776.6,4378435.7,20.3,69,8.2,24,0.7,20.59,20.7,14.1
2025-08-25,2,12655169.4,4471023.5,17.7,63,14.1,28,0,20.96,15.9,10.3
2025-08-26,3,11334262.9,4334167.4,15.8,68,12.8,34,4.5,18.83,14,9.7
2025-08-27,4,11425811.2,4437237.3,16.9,59,10.7,36,0,21.91,15.1,8.1
2025-08-28,5,11152906,4338457.3,16.2,74,11.3,77,8.6,7.03,15,11.5
2025-08-29,6,10697274.6,4181748.8,13.8,63,12.7,22,0,20.07,11.2,6.5
2025-08-30,7,11196640.3,3939114.3,15.8,60,10.4,22,0,20.77,13.7,7.3
2025-08-31,1,11792197.1,3828538,17.1,62,6.3,1,0,22.85,16.3,9.4
2025-09-01,2,13258719.1,3788305.8,19.1,59,6.3,4,0,22.72,18.7,10.6
2025-09-02,3,12895225.1,4644738.8,20.2,70,6.7,48,0,21.12,20.8,14.3
2025-09-03,4,13591452,4847408.7,20.7,65,9.3,33,0.4,20.85,20.6,13.6
2025-09-04,5,11999902,4441728.6,16.5,70,10.1,69,13.2,12.09,15.3,10.7
2025-09-05,6,11286010.4,4407161.6,17.1,68,18.3,44,2.6,18.33,14.9,11
2025-09-06,7,11519554.8,3935692.7,15.3,62,10.7,79,0,15.18,13.2,7.8
2025-09-07,1,11916120.9,3623092.7,14.4,62,13.3,38,0.4,17.42,11.8,6.9
2025-09-08,2,10908501.9,4111421.8,14.2,67,6.8,10,0,20.31,12.7,7.6
2025-09-09,3,10936867.6,4305021.4,16.2,73,6.6,30,0,21.01,15.9,11.2
2025-09-10,4,11541374.2,4519637.5,18.2,76,4.6,72,0,19.73,19,13.7
2025-09-11,5,12351271.3,4692926.1,19.2,63,7.6,5,0,20.58,18.8,11.5
2025-09-12,6,12368426,4657365.3,18.2,73,5.9,16,0,18.99,18.5,13.2
2025-09-13,7,12685895.3,4244975.9,19.4,73,5.5,71,0.3,13.39,20,14.3
2025-09-14,1,14184678.8,4130603.6,19.9,74,4.4,10,0.6,18.73,21.1,15.1
2025-09-15,2,13042453.8,4592067.1,18.6,73,7.8,14,0,20.01,18.8,13.5
2025-09-16,3,12673734.6,4678867.7,18.6,67,7.2,10,0,20.01,18.3,12
2025-09-17,4,12551636,4716435.6,18.9,65,5.1,47,0,17.9,19,12
2025-09-18,5,13215701.4,4873129,20.5,66,8.6,32,0.1,16.86,20.4,13.5
2025-09-19,6,12254995.4,4597384.7,17.4,67,8,8,0,19.43,16.7,10.9
2025-09-20,7,11647127.1,3995724.7,14.9,56,15.4,21,0,18.24,11.8,6
2025-09-21,1,12902204,3946669.2,18.4,74,12.3,71,3.4,17.45,17.9,13.6
2025-09-22,2,12851743.4,4522025.4,20.3,88,10.1,97,2.8,10.46,21.8,18.3
2025-09-23,3,13635627.1,4766458.8,20.4,88,6.5,86,5.3,14.47,22.5,18.3
2025-09-24,4,12676579.9,4627456.4,19.2,91,11.6,99,6.2,8.99,20.2,17.6
2025-09-25,5,12169363.9,4579281.8,18.7,91,6.8,68,1.3,7.03,20.2,17.2
2025-09-26,6,12546216.4,4685339,18.6,81,8.7,30,0,15.17,19,15.2
2025-09-27,7,13410573,4387534,18.9,83,7.8,66,0,15.03,19.8,15.9
2025-09-28,1,13863133.3,4055169.9,19,66,9.4,0,0,17.79,18.5,12.2
2025-09-29,2,12180825,4462388.7,16.8,72,3.6,0,0,17.69,16.9,11.5
2025-09-30,3,11818896.9,4464917.4,16.8,67,9,0,0,17.13,15.7,10.4
2025-10-01,4,10880715,4237670.6,13.2,65,8.8,27,0,17.54,11.2,6.5
2025-10-02,5,10729436.9,4224958.3,13.5,77,7,66,0,16.39,12.4,9.3
2025-10-03,6,11170996.9,4451093.5,15.1,80,4.1,1,0,16.72,15.2,11.5
2025-10-04,7,12970149.9,4363267.9,18.8,71,6.3,29,0,15.95,19,13.3
2025-10-05,1,14342222.9,4170168.2,19.8,71,7.2,0,0,16.04,20.3,14.3
2025-10-06,2,13520356.5,4714912.4,19.9,73,10.3,28,0,14.93,20,14.7
2025-10-07,3,12032491.8,4457947.1,18.1,82,12.8,87,15.5,7.21,17.8,14.8
2025-10-08,4,10744701.5,4113435.2,12,59,15.3,7,0,15.83,8.4,4
2025-10-09,5,10887622.5,4078303.7,8.6,57,8.4,0,0,16.12,5.4,0.4
2025-10-10,6,11137589.2,4105118.4,12,66,10.1,48,1.4,14.96,9.5,5.6
2025-10-11,7,11446608.1,3794591.5,14.1,82,10.2,59,3.8,10.11,12.9,11
2025-10-12,1,11553675.3,3532036.3,14.5,80,14.1,23,0.7,12.16,12.7,10.9
2025-10-13,2,11886947.2,3328386.7,14.2,78,8.9,22,0,11.48,13.1,10.3
2025-10-14,3,10859432,4130055.5,14.4,77,8.2,45,0,12.52,13.3,10.2
2025-10-15,4,10819732.1,4055814.3,11.2,58,11,51,0,11.81,8.1,3.1
2025-10-16,5,11097848.2,4097274.5,9.4,57,9.9,10,0,14.68,6,0.7
2025-10-17,6,11473220.4,4100311.3,9.3,75,5.7,83,4.7,3.57,7.3,5
2025-10-18,7,11541291,3894763.5,16.4,74,11.4,82,0,12.81,15.3,11.7
2025-10-19,1,12122577.4,3679017.7,17.8,80,19.3,98,12.2,5.66,16.3,14
2025-10-20,2,11104113,3999592.8,12,72,16.3,56,8.6,10.91,8.9,6.7
2025-10-21,3,11102335.8,4066340.5,11.1,77,9.9,46,1.1,7.76,8.9,7.1
2025-10-22,4,11274818.5,4085111.9,8.9,79,12.1,65,2.4,9.21,6,5.4
2025-10-23,5,11506268.8,4140358.5,8.7,79,12.2,63,3.2,7.66,5.7,5.2
2025-10-24,6,11699089.8,4183449.7,7.9,75,10.8,51,0,9.83,4.8,3.5
2025-10-25,7,12540672.2,3889626.4,6.6,78,7.9,47,0,7.34,3.9,2.9
2025-10-26,1,13174867.7,3678087.5,4.5,69,8,0,0,12.9,1.1,-0.9
2025-10-27,2,12362448.8,4158698.4,6,68,12.3,32,0,9.13,2.2,0.6
2025-10-28,3,12143797.9,4227327,8.1,73,16,39,0.4,9.66,4.3,3.6
2025-10-29,4,11833441.1,4226288.7,7.5,74,11,24,0,11.46,4.3,3
2025-10-30,5,12124775,4219933.3,7.3,86,18,100,15.2,2.71,3.5,5.1
2025-10-31,6,12638959.3,4299106.9,6.4,78,21.4,91,6.9,3.3,1.6,2.7
2025-11-01,7,13096060.4,3993256.1,6.1,69,11,53,0,6.56,2.4,0.7
2025-11-02,1,13474616.8,3739656.8,5.5,76,6,11,0,11.17,2.7,1.4
2025-11-03,2,12466340,4182039.6,8.1,72,17.3,61,1.7,3.69,4,3.3
2025-11-04,3,11921148.7,4206988.9,8.2,61,13.6,26,0,10.89,4.3,1
2025-11-05,4,12159259.6,4237477.7,8.6,77,15,87,2,3.18,5.1,4.7
2025-11-06,5,12397717.3,4308010.2,4.6,68,12,50,0,6.75,0.6,-1
2025-11-07,6,12578471.6,4311898.6,8.1,79,14.7,90,4.2,3.65,4.7,4.6
2025-11-08,7,13095187.2,4010357.6,4.4,71,12,61,0,6.51,0.5,-0.4
2025-11-09,1,15259409,3978859.4,-0.6,81,16.3,100,9.7,1.85,-5.5,-3.4
2025-11-10,2,14760961.9,4601576.3,-3.4,79,14.3,94,1.2,6.39,-8.4,-6.5
2025-11-11,3,14378761.3,4622760.8,-0.3,81,13.4,91,0.9,8.52,-4.8,-3.2
2025-11-12,4,13652162.6,4561235.8,3.8,81,16.5,80,0.1,5.73,-0.6,0.7
2025-11-13,5,13064583.7,4491670.7,4.5,73,16.6,45,0.1,8.9,-0.1,-0.1
2025-11-14,6,13146328.6,4467606.2,4.2,76,7.1,71,0,6.76,1.1,0.4
2025-11-15,7,14075531.7,4181681.2,5.7,88,13.5,94,3.2,3.52,2.3,3.8
2025-11-16,1,14553394.5,3958309.1,3.5,63,22,43,0,7.1,-2.2,-3.3
2025-11-17,2,13972797.4,4493564,1.4,59,16.3,42,0,7.79,-3.8,-5.8
2025-11-18,3,13457695.8,4496728.5,2,70,6.9,82,0,6.11,-1.5,-2.9
2025-11-19,4,13433477.5,4525482.6,1.2,67,5.3,46,0,8.55,-2.3,-4.3
2025-11-20,5,13180391,4518971.7,2.5,75,5.8,58,0.4,7.86,-0.6,-1.4
2025-11-21,6,12761638.3,4425295.6,6.1,82,12.4,81,0.2,5.72,2.7,3.2
2025-11-22,7,13797952.1,4181192,2.8,75,7.1,83,0,5.27,-0.5,-1.3
2025-11-23,1,14197868.5,3915869.9,5.1,77,15.8,67,2.1,7.69,0.8,1.2
2025-11-24,2,13113190.3,4356383,3.9,79,9.2,60,0,8.1,0.5,0.6
2025-11-25,3,12819874.3,4395294.1,6.5,87,7.3,100,4.7,3.13,4.1,4.3
2025-11-26,4,12795683.3,4426799.3,6.7,82,17.2,72,0.3,4.96,2.8,3.6
2025-11-27,5,13933276.4,4661401.7,1.3,70,24.8,76,0.3,6.75,-5,-3.7
2025-11-28,6,14246817.1,4725050,-0.6,72,20.4,79,0.1,6.86,-6.3,-5
2025-11-29,7,15244615,4458337.3,-0.9,71,10.6,93,0,5.7,-5.3,-5.5
2025-11-30,1,15962805.7,4220052.1,1.6,83,22.5,97,8.3,2.82,-4,-1
