Date,Day of the week,Total Residential Consumption,Total CI Consumption,temperature_2m_mean (°C),relative_humidity_2m_mean (%),wind_speed_10m_mean (km/h),cloud_cover_mean (%),precipitation_sum (mm),shortwave_radiation_sum (MJ/m²),apparent_temperature_mean (°C),dew_point_2m_mean (°C)
2023-01-01,1,4269901,557109.7,2.2,92,8,100,1.7,1.51,-0.9,1
2023-01-02,2,4016325.6,609968.9,2.6,85,7,91,0,7.03,-0.4,0.3
2023-01-03,3,3875746.7,702444.9,1.7,94,8.6,100,6.4,1.67,-1.5,0.8
2023-01-04,4,3877732.9,711731.4,2.2,97,8.6,100,17.7,1.17,-0.9,1.8
2023-01-05,5,3811489.2,711839.6,2.5,88,10.2,99,0.5,2.45,-1,0.7
2023-01-06,6,3850996.1,713854.9,1.8,82,12.2,95,0,2.73,-2.3,-1.1
2023-01-07,7,4373906.9,659647.9,-0.8,76,9.9,71,0.3,5.19,-5,-4.7
2023-01-08,1,4726016.5,628801.6,-4.6,71,6.3,65,0,5.53,-8.7,-9
2023-01-09,2,4014941.8,727803.4,-1.2,77,14.7,76,0,5.43,-6.1,-4.7
2023-01-10,3,3887487.2,728895,-1.2,75,7.1,92,0.1,3.67,-5,-5.1
2023-01-11,4,4007029.8,747912.7,-2.6,86,14.1,95,0.4,2.39,-7.4,-4.6
2023-01-12,5,3858725.8,731470.5,0.8,95,10.9,100,6,1.71,-2.9,0.2
2023-01-13,6,4108604.1,753764.8,-3.9,77,22.2,90,2.3,2.47,-10.1,-7.3
2023-01-14,7,4707220.7,705263.7,-8.8,72,12.4,45,0,8.62,-14.1,-13.1
2023-01-15,1,4817579.4,643171.8,-7.5,77,7.1,31,0,8.77,-11.8,-11.2
2023-01-16,2,3948723.5,727142.1,-3.4,87,7.5,84,0,7.5,-7.3,-5.2
2023-01-17,3,3846718.4,724683.4,1,92,8.2,100,3,1.71,-2.3,-0.1
2023-01-18,4,3760634.7,724443.2,2.7,87,13.1,99,0,3.63,-1.2,0.8
2023-01-19,5,3869484.3,738158.7,0.4,95,15.1,100,4.4,0.99,-4,-0.4
2023-01-20,6,3855498.4,735146,0.8,81,12.1,100,0.2,3.56,-3.4,-2.4
2023-01-21,7,4489788,681715.9,-1,70,8.4,100,0,3.69,-5.1,-5.8
2023-01-22,1,4623925.1,621831.1,-1,85,7,94,4,1.97,-4.6,-3.3
2023-01-23,2,3952323.1,721771.1,-0.9,77,14.3,92,0,4,-5.7,-4.7
2023-01-24,3,3871235.5,733125.1,-0.4,66,18.2,97,0.1,5.21,-6,-6.3
2023-01-25,4,4024325.5,717577.1,-1,91,15,100,19.5,1.63,-5.7,-2.3
2023-01-26,5,3950552.8,726917.3,-2.3,81,15.3,99,3.3,6.39,-7.3,-5.1
2023-01-27,6,3944902.8,739678.2,-2.6,82,16.4,93,0.8,6.61,-7.8,-5.4
2023-01-28,7,4444157.9,677322.9,-1.2,74,15.7,94,0.7,6.6,-6.3,-5.4
2023-01-29,1,4727737,625526.4,-3.5,87,10.2,74,7.1,2.87,-7.8,-5.4
2023-01-30,2,4104927.8,742204.4,-7.8,79,8.8,84,0.2,5.32,-12.4,-11
2023-01-31,3,4081949.6,758671.6,-10,72,11.4,51,0,10.34,-15.2,-14.3
2023-02-01,4,4215683.1,774734.6,-10.5,76,15.4,56,0,7.7,-16.2,-14
2023-02-02,5,4098143.4,764263.3,-6.2,69,19.8,55,0.8,10.44,-12.4,-11
2023-02-03,6,4567720.5,809180.9,-17,61,19.4,45,0,11.51,-23.8,-22.8
2023-02-04,7,5160658.9,748906.4,-14,71,13,90,0.4,7.43,-19.5,-18.3
2023-02-05,1,4731518.9,641328.4,1,73,13,95,0,7.29,-3.5,-3.4
2023-02-06,2,3919171.9,732702.1,-2.8,79,9.4,58,0,11.58,-7.1,-6
2023-02-07,3,3829684.4,729152.1,0.6,82,16.3,82,0.4,6.98,-4.2,-2.3
2023-02-08,4,3656918,715540,1.7,80,10.7,61,0,11.91,-2.3,-1.7
2023-02-09,5,3845719.9,729785.4,1.1,93,10.4,100,23.8,1.23,-2.4,0.2
2023-02-10,6,3879216.1,735454.5,1.4,73,23.8,96,0.2,5.68,-4.6,-3
2023-02-11,7,4455677.5,678447.3,-2.2,67,16.3,24,0,11.38,-7.7,-7.6
2023-02-12,1,4437399.3,606361,1.2,66,10.2,0,0,12.53,-3.1,-4.7
2023-02-13,2,3719850.7,699658.9,1.3,71,14.4,26,0,12.26,-3.4,-3.9
2023-02-14,3,3554592.5,696473,2.5,68,11.6,32,0,12.9,-1.8,-3.3
2023-02-15,4,3568226.1,691913.7,8.5,64,23.3,72,0.3,6.51,3.3,1.9
2023-02-16,5,3709468.7,714843.3,1.2,76,10.9,88,3.1,7.22,-2.9,-2.8
2023-02-17,6,4041933.3,743879.4,-4.9,66,19,58,7.6,13.29,-10.9,-10.7
2023-02-18,7,4551329.3,686279.4,-2.1,58,16.3,48,0,13.45,-7.7,-9.8
2023-02-19,1,4293849.9,612909,3.3,62,16.4,86,0,9.94,-1.7,-3.7
2023-02-20,2,4095998.3,586512.4,1.8,63,12.6,91,0,11.74,-2.8,-4.9
2023-02-21,3,3842693,725046.4,-0.2,69,15.5,79,1.5,11.93,-5.3,-5.7
2023-02-22,4,4032503.4,742457.6,-3.9,77,14.8,99,18.4,2.5,-9,-7.4
2023-02-23,5,4181502.9,744374.9,-5.7,84,12.1,100,7,3.44,-10.5,-8
2023-02-24,6,4045242.9,762757.1,-9,68,15.4,34,0,15.32,-14.7,-14.1
2023-02-25,7,4602646.1,695725.2,-9,79,6.2,90,1.7,8.45,-13.3,-12.1
2023-02-26,1,4583031.6,627128.1,-2.4,73,16.3,37,0,14.03,-7.8,-6.9
2023-02-27,2,4090638.8,732972.5,-5.8,84,16.8,81,12.4,7.94,-11.3,-8.2
2023-02-28,3,3874790.1,728687.7,-0.1,83,15,83,2.8,9.32,-4.8,-2.8
2023-03-01,4,3840422.6,729874.1,-1.8,85,9.8,77,0.6,8.45,-6,-4.1
2023-03-02,5,3712243.6,721211.3,-1.6,79,9.2,60,0,12.26,-5.7,-4.9
2023-03-03,6,3998233.2,732100.8,-2.7,89,17.8,84,21.2,6.41,-8,-4.3
2023-03-04,7,4403222.4,634700,1.5,79,17.1,78,13,14.02,-3.4,-2
2023-03-05,1,4414474.4,604178,1.8,78,13,54,0.7,13.9,-2.4,-1.9
2023-03-06,2,3823704.4,711443,-1.4,80,7.9,95,0.7,7.66,-5.3,-4.5
2023-03-07,3,3774776.7,724051.1,-1.7,57,22.4,33,0.3,17.93,-8,-9.2
2023-03-08,4,3792810.2,728210.9,-2.5,67,17.4,3,0,17.67,-7.9,-7.8
2023-03-09,5,3744516.7,724480,-1.9,76,12.6,41,0,17.59,-6.5,-5.7
2023-03-10,6,3998729.9,729510.8,-2.4,85,16.1,100,9.6,4.51,-7.4,-4.5
2023-03-11,7,4401483.5,669050.8,-3,76,12.2,82,0.3,13.33,-7.7,-6.8
2023-03-12,1,4630606.4,625955.2,-4.4,84,6.7,99,2.5,5.91,-8.3,-6.6
2023-03-13,2,3891546.6,713483.1,-1.4,82,8.5,100,1.7,8.01,-5.3,-4.2
2023-03-14,3,3918728.9,737920.7,-4.3,73,21.8,76,0,13.41,-10.6,-8.6
2023-03-15,4,3796156.4,724017.1,-1.8,59,13.8,17,0,19.78,-6.9,-9.5
2023-03-16,5,3563390.7,697416.1,3.5,60,13,88,2,14.52,-1.1,-3.9
2023-03-17,6,3736681.7,705816.6,4,81,17.1,94,9.7,5.49,-0.4,1
2023-03-18,7,4410077,665668.3,-3.5,64,20.1,70,0.5,16.92,-9.5,-9.6
2023-03-19,1,4680753.7,627631.3,-4.2,62,21.5,61,0.5,14.07,-10.6,-10.6
2023-03-20,2,3760396.8,702278.4,0.8,57,17.6,50,0,19.4,-4.6,-7
2023-03-21,3,3486370,680961.4,3.7,67,9,74,0.3,16.71,0.1,-2.1
2023-03-22,4,3641879.8,692955.8,3,85,9.4,100,0,7.74,-0.4,0.6
2023-03-23,5,3601004.8,692896.4,4.8,80,13.7,89,4.2,4.9,1,1.4
2023-03-24,6,3661268.7,700666.9,0.7,67,8.4,100,0,17.34,-3.2,-5.1
2023-03-25,7,4421541.8,652550.8,2.5,84,23.8,97,16,3.57,-3.1,0
2023-03-26,1,4308168.3,581089,3.7,61,18.2,42,0,21.34,-1.4,-3.9
2023-03-27,2,3750118.7,689119.5,1.1,83,7.9,87,5.2,6.06,-2.4,-1.6
2023-03-28,3,3528819.1,681914.3,3.1,71,8.8,78,0.1,14.5,-0.7,-2.4
2023-03-29,4,3715518,701051.4,0.3,60,19.9,43,3,13.5,-5.5,-6.7
2023-03-30,5,3713763.4,712645.9,-0.9,49,9.3,52,0,21.2,-5.3,-11.3
2023-03-31,6,3815363.1,710722.4,1.7,89,6.6,100,11,3.48,-1.3,0
2023-04-01,7,4143492.1,626873.5,7.3,70,21.4,70,14.4,15.91,2.5,1.6
2023-04-02,1,4407279.3,588156,-1,47,10.5,47,0,22.83,-5.6,-11
2023-04-03,2,3563306.2,668959.4,6.6,54,13.9,96,0.1,16.11,2.3,-2.5
2023-04-04,3,3414425.5,666093.8,7,83,10.1,96,5.3,10.41,4.2,4.1
2023-04-05,4,3579449.4,683923.3,8.9,87,15.8,100,11.5,6.59,6,6.7
2023-04-06,5,3387598.3,673295,8.5,56,19.8,91,0,18.31,3.7,-0.5
2023-04-07,6,3902667,575837.8,1.8,48,15.5,10,0,22.89,-3.4,-8.5
2023-04-08,7,4037781.4,610395.2,0.6,57,7.6,43,0,21.68,-3.3,-7.3
2023-04-09,1,4055460.2,538141.9,3.5,65,8.6,3,0,23.93,0.1,-3
2023-04-10,2,3403526.3,634979.4,10.4,51,13.7,46,0,22.95,6.5,0.1
2023-04-11,3,3174654.5,647196.6,14.9,43,21.9,100,0.3,19.05,10.1,2.4
2023-04-12,4,3258716,673775.7,18,52,18.3,20,1.2,23.15,15,7.7
2023-04-13,5,3709428.6,706475,20.3,48,16.3,16,0,23.66,17.8,8.6
2023-04-14,6,4041595.3,717834.6,19.6,47,10.8,41,0,24.27,17.6,7.2
2023-04-15,7,4553879.1,643334.5,17.2,56,6.2,74,0,21.83,16,8.1
2023-04-16,1,4630390.6,580969,16.1,66,11.4,52,8.1,23.26,14.7,9.5
2023-04-17,2,3424941.6,628514.3,5.4,75,18.4,90,3.8,7.45,0.8,1.2
2023-04-18,3,3584082.8,660920.9,2.7,64,19.9,97,0.4,10.8,-2.8,-3.6
2023-04-19,4,3494764.5,667996.8,4.5,57,13,92,0,22.6,0.3,-3.6
2023-04-20,5,3365813.5,658338.3,5.6,66,12.2,93,0.4,20.48,1.8,-0.5
2023-04-21,6,3267264,649258.3,10.6,76,9.8,100,10.4,17.25,8.6,6.3
2023-04-22,7,3927344.6,586934,8,88,10.9,96,15.1,5.96,5.5,6
2023-04-23,1,4147453.4,540412.5,5.5,70,12,72,0.5,14.78,1.7,-0.2
2023-04-24,2,3473442.8,644564.3,3.7,69,10.2,64,0.5,17.88,0,-2
2023-04-25,3,3380217.3,649329.2,4.9,64,12,63,1.7,19.52,0.8,-2
2023-04-26,4,3396600.4,651809.7,4.6,72,7.4,55,1,18.87,1.4,-0.6
2023-04-27,5,3298745.3,652633.1,5.6,67,7.8,49,0,23.78,2.5,-0.5
2023-04-28,6,3378584.3,649785.2,7.9,82,12.3,96,15.2,11.64,5,5
2023-04-29,7,4035437.3,597333.1,7.7,95,14.6,94,3.4,3.85,4.8,6.9
2023-04-30,1,4165393.2,540334.3,8.7,92,10.3,93,12.3,5.11,6.6,7.5
2023-05-01,2,3455755.2,639025.6,6.8,73,15,79,2.2,18.83,2.8,2
2023-05-02,3,3494904.6,653621.9,4.1,87,9.7,100,7.8,8.64,0.9,2
2023-05-03,4,3487486.6,661046.8,5.7,89,13,99,8,8.92,2.5,4
2023-05-04,5,3355412.1,650813,8.1,85,6.3,94,3.2,13.56,6.1,5.6
2023-05-05,6,3300523.8,647504.1,9.4,78,6.3,72,0.2,16.36,7.4,5.5
2023-05-06,7,3785562.7,588176.7,11.4,62,5.7,75,0,25.52,9.5,3.8
2023-05-07,1,3989835.1,527884.2,11.1,72,6.4,100,8.6,8.09,9.2,5.8
2023-05-08,2,3276238.3,632622.5,12.9,56,13.3,86,0,26.99,9.9,2.9
2023-05-09,3,3189749.2,635708,11.5,45,10.5,54,0,27,8.3,-0.4
2023-05-10,4,3252223.4,655345.3,13.8,51,6.9,38,0,26.67,11.7,3.3
2023-05-11,5,3533519.4,686126.2,18.5,44,12,46,0,21.75,15.9,5.8
2023-05-12,6,4119991.5,718094.5,20.1,49,10.7,96,0,23.13,18.5,8.7
2023-05-13,7,4511943.8,627742.5,16.5,50,13.7,89,0,26.08,13.8,5.3
2023-05-14,1,3959155.8,533402.8,12.1,46,13.7,85,0,25.68,8.4,0.5
2023-05-15,2,3365892.5,644892.5,14.5,34,13.3,10,0,29.65,10.7,-1.7
2023-05-16,3,3260976.3,643065.4,15.2,46,21.5,26,0,26.78,10.9,3.1
2023-05-17,4,3250314.8,630013.2,5.8,52,13.2,8,0,29.36,1.8,-3.8
2023-05-18,5,3242191.5,634080.6,7.6,53,8.4,46,0,29.68,4.5,-1.8
2023-05-19,6,3289687.7,656496.5,15.9,60,10.7,94,2.3,23.73,14.2,7.5
2023-05-20,7,3784966.6,569521.3,14,79,14,80,20.9,16.31,12.2,10
2023-05-21,1,3802129.4,539906.8,16.2,58,16.8,4,0,27.76,13.4,7.2
2023-05-22,2,3727598.3,503715.4,12.9,58,9.6,5,0,28.89,10.7,4.4
2023-05-23,3,3338310,647823.5,14.3,63,8,21,0,26.24,13,7
2023-05-24,4,3263958.8,632207.6,12.5,64,17.1,30,0.6,21.99,9.3,5.5
2023-05-25,5,3203657.9,637417.5,10,56,12.3,0,0,30.36,6.8,1.1
2023-05-26,6,3337473,658617.3,13.6,45,8.9,2,0,30.39,11,1.3
2023-05-27,7,4154418.4,619751.2,15.5,49,6.3,10,0,29.75,13.8,4
2023-05-28,1,4948531.8,584199,18.7,36,8.5,19,0,29.73,16.4,2.7
2023-05-29,2,4651320.3,703715.5,18.7,46,11.2,4,0,29.5,16.8,6.4
2023-05-30,3,5141468.5,738249,19.7,55,7.8,7,0,28.66,19.2,10.2
2023-05-31,4,6168552.7,787794.9,22.6,55,7.8,15,0,26.31,22.4,12
2023-06-01,5,6746743.2,810052.1,23.7,50,8.7,47,0,24.52,23.4,11.9
2023-06-02,6,7093261,823890.5,24.5,48,13.8,75,0,25.32,23.6,12.4
2023-06-03,7,6148728.2,675371.3,19.9,62,13.1,2,0,29.64,19.1,12.1
2023-06-04,1,4943261.6,570728.7,17.1,43,8.4,20,0,30.66,15,3.8
2023-06-05,2,4315151,689300.2,19,50,9.6,52,0,23.18,17.2,7.8
2023-06-06,3,4206681.3,680071.7,18,47,18,21,0,30.28,14.8,5.8
2023-06-07,4,3623338.7,653472.5,16,40,15.5,20,0,30.81,12.4,1.7
2023-06-08,5,3377256.8,637368.5,14.4,67,10.8,76,1.1,12.9,12.4,8.3
2023-06-09,6,3376469.7,640238.8,15.3,67,11.6,75,5.3,16.16,13.4,8.8
2023-06-10,7,4609511.7,623868.4,19.8,44,11.5,67,0,22.07,17.4,6.6
2023-06-11,1,4742732.4,555397,17.4,75,8.1,99,9.9,10.54,17.1,12.7
2023-06-12,2,3586831.8,626153.6,15.3,90,12.8,100,53.9,6.07,14.6,13.5
2023-06-13,3,3345352.6,627537.1,14.2,71,12.6,60,0.8,20.56,12.2,8.6
2023-06-14,4,3445049.5,643289.1,14.9,79,10.5,55,3.1,22.18,13.8,10.8
2023-06-15,5,3405206.7,649532.4,15.8,79,9.8,78,8.9,13.7,15,11.8
2023-06-16,6,3758154.1,672742.9,16.8,76,14.8,58,3.1,22.16,15.5,12.4
2023-06-17,7,4686063.8,627595.8,18.2,51,13.8,10,0,30.21,15.8,6.8
2023-06-18,1,5316291.6,589672.1,18.9,52,7.6,14,0,28.72,17.9,8.2
2023-06-19,2,5014071.1,712210.8,18.6,68,10.4,57,0,29.03,18.2,12.2
2023-06-20,3,5303895.4,733414.7,20,63,13,25,0,29.88,19.3,12.4
2023-06-21,4,5648323.2,758315.6,20.3,63,11,3,0.1,29.04,20.1,12.9
2023-06-22,5,5394552,746219.9,19.5,64,9.8,56,1.4,25.68,19,12
2023-06-23,6,4952488.7,732589.9,19.6,86,6.9,99,10.1,14.9,21.2,17.1
2023-06-24,7,5667343.8,667037,20.7,87,6.5,87,21.6,17.32,22.9,18.4
2023-06-25,1,7129373.7,654068.9,21.5,80,9,83,0.8,25.31,23.2,17.6
2023-06-26,2,5434062.9,720153.1,20.1,87,11.3,94,10.5,17.51,21.3,17.7
2023-06-27,3,4789920.6,707473.2,19.1,86,10.5,95,22.5,15.8,19.9,16.6
2023-06-28,4,4368122.5,684310.9,18.4,65,15.1,49,0,24.9,16.9,11.3
2023-06-29,5,4805857.6,721685.9,18.8,62,7.6,33,0,29.33,18.5,10.9
2023-06-30,6,5687753.4,753579.4,21.2,80,8.5,68,0.8,23.77,22.9,17.5
2023-07-01,7,7094284.4,661326.9,23.7,78,7.2,90,2.3,23.53,26.2,18.7
2023-07-02,1,6043316.6,609512,21.2,90,6.1,100,3.7,11.49,23.9,19.5
2023-07-03,2,6417051,652279.4,22,83,7.1,61,4.4,24,24.5,18.6
2023-07-04,3,7169276.8,813295.9,23.8,72,6,38,0.4,25.86,26.1,17.9
2023-07-05,4,8115982.3,869356.7,24.4,71,8.4,28,1,25.97,26.5,18.3
2023-07-06,5,6760837,811093.2,23,82,8.3,74,8.8,18.95,25.6,19.6
2023-07-07,6,5896687.6,761411,20.9,67,10.9,27,0,29.57,21.1,13.6
2023-07-08,7,5296366.2,647451.2,19.1,72,6.7,85,15.1,18.63,19.5,13.2
2023-07-09,1,5934883.9,605753.6,19.5,81,7.4,84,0.4,19.21,20.6,15.9
2023-07-10,2,6182745.8,760307.7,21.7,65,10.2,26,0,27.32,22,14.2
2023-07-11,3,6285872.3,781521.6,22.7,68,15.2,30,1.1,25.3,22.8,16
2023-07-12,4,5149718.5,724597.1,20,62,8,68,1.7,25.05,19.9,12
2023-07-13,5,4882346.2,716907.1,20.4,76,14.9,55,9,23.62,20.5,15.7
2023-07-14,6,5115649.2,737965.3,19.8,76,7.6,45,1,23.07,20.6,15.1
2023-07-15,7,5620399.4,661448.5,20.8,87,7,99,12.3,12.15,23,18.4
2023-07-16,1,6331238.5,620142,21.7,80,9,42,2.8,20,23.3,17.5
2023-07-17,2,5764848.9,731706.9,21.3,68,12.7,55,0.3,25.3,21.3,14.9
2023-07-18,3,5446161,728175.2,19.6,72,5.1,42,1.9,23.43,20.4,14
2023-07-19,4,5251844.1,731687.1,19.4,73,5.3,24,0.3,24.55,20.2,13.9
2023-07-20,5,5672027,762783.8,20.3,80,9.6,47,13.1,22.04,21.4,16.4
2023-07-21,6,5460335.6,745804.7,20.4,72,14.2,17,0.1,26.21,20.2,14.7
2023-07-22,7,6303018.8,689970.5,20.9,64,10.8,7,0,27.33,20.8,13.2
2023-07-23,1,6005538.9,606315.3,20,77,7,32,6.2,24.73,21.2,15.6
2023-07-24,2,5467575.1,727441.6,20.6,79,8,55,1,22.24,21.8,16.4
2023-07-25,3,5915414.4,757587.8,21.2,79,5.9,40,0.6,23.7,23.2,17.2
2023-07-26,4,6827859.3,809494.3,24.1,71,14.5,75,2.2,24.16,25.1,17.9
2023-07-27,5,6908138.7,818499.9,24,78,9.3,51,15.5,22.1,26.5,19.6
2023-07-28,6,7287595.3,840493.2,24.7,76,10.6,72,0,21.16,27.1,19.8
2023-07-29,7,5963125.3,663769.1,19.9,85,10.7,62,23.9,12.19,21,17.1
2023-07-30,1,5556201.5,591831.5,18.6,69,8.2,30,0.8,22.44,18.3,12.4
2023-07-31,2,4807190,691642.5,18.2,67,11.9,12,0.4,24.65,17.3,11.7
2023-08-01,3,4526210.5,696094.5,18.4,64,7,43,0,19.91,17.7,10.8
2023-08-02,4,4663428.4,709584.4,20,73,11,57,0.3,22.86,20.2,14.7
2023-08-03,5,6330728.8,788686.2,22.5,73,13.5,33,6.9,23.5,23.4,17.2
2023-08-04,6,5869978.5,757665,20.8,77,12.5,29,0.4,20.24,21.3,16.3
2023-08-05,7,5811774,656758.7,19.4,74,9.9,58,0,22.45,19.5,14.1
2023-08-06,1,5350175.7,589705.9,18.8,71,12.5,83,0.7,19.35,18.2,13.1
2023-08-07,2,5499272.6,599627.4,21.2,84,12.2,99,6.7,14.81,22.5,18.1
2023-08-08,3,4905177.3,701901.1,20.2,72,20,88,2.5,19.63,19,14.5
2023-08-09,4,5858133.4,760429,21.8,66,11.4,56,0.1,23.3,21.8,14.5
2023-08-10,5,5516579.3,739541.3,20.5,76,11.4,47,4.3,21.7,21,15.9
2023-08-11,6,5323466.9,734931.6,19.4,68,10.2,58,0,20.79,19,13
2023-08-12,7,6264843.5,686813.6,20.8,79,12.2,52,1.8,19.56,21.5,16.7
2023-08-13,1,6049286.9,605962.2,19.2,76,12.3,60,0.3,17.55,18.9,14.5
2023-08-14,2,5093300.9,708478.4,18.9,78,7,71,0,17.03,19.5,14.7
2023-08-15,3,4427995.9,686977,19.3,83,10.8,92,6.3,14.31,19.9,16.2
2023-08-16,4,5674954.2,749535.7,21.2,69,9.3,18,0,23.53,21.8,14.8
2023-08-17,5,5284764.8,739820.7,20.6,77,17.3,45,11.6,21.06,20.3,16
2023-08-18,6,3900814.5,653874.8,16,74,22.4,53,0,15.42,13.1,11.2
2023-08-19,7,4843345.6,626653.2,18.5,64,13.9,21,0,24.68,17.3,11.3
2023-08-20,1,6112573.5,619253.1,21.9,75,12.6,58,0,18.13,22.9,17.1
2023-08-21,2,5390807.4,715389.6,20.4,75,13.4,96,0,20.41,20.5,15.4
2023-08-22,3,4820509,707144.5,18.6,66,8.7,71,0,22.09,18.2,11.8
2023-08-23,4,3913433.1,653045.3,17.9,82,8.3,92,11.7,11.23,18.3,14.7
2023-08-24,5,4126379.7,687833.9,19.1,90,7.4,96,15.9,7.12,20.7,17.4
2023-08-25,6,4933549.5,720069.9,20.7,83,10.1,84,4.1,13.04,21.9,17.4
2023-08-26,7,5101482.9,631641.4,18.5,80,10.8,41,12.6,17.4,18.7,14.9
2023-08-27,1,4710656.3,551564,16,74,10.2,22,0,18.94,14.9,11.1
2023-08-28,2,4555468.4,682423.4,17.3,74,6.9,5,0,22.54,17.2,12.2
2023-08-29,3,4756429.9,707751.6,18.2,75,8.3,21,5.4,22.91,18.3,13.2
2023-08-30,4,3894724.3,651789.6,16.3,79,16.3,34,0.3,17.95,14.8,12.4
2023-08-31,5,3914713.7,670695.7,15.7,69,8.3,5,0,22.45,14.7,9.4
2023-09-01,6,4423427,696891.2,17.4,73,7.2,4,0,22.89,17.3,12.2
2023-09-02,7,5005628.7,627965.6,19.8,74,13.9,77,0.6,13.41,19.5,14.8
2023-09-03,1,6564634.7,643457.6,24,70,12.2,43,0,19.89,25.3,17.9
2023-09-04,2,8245016.5,675752,26.1,67,11.3,17,0,21.69,28.2,19.2
2023-09-05,3,8090036.9,860089.8,25.9,72,10,14,0,17.34,28.3,19.9
2023-09-06,4,7847917.6,861729.3,25.2,76,11.5,35,0.8,18.85,27.7,20.4
2023-09-07,5,6276466.1,794935.2,21.3,87,10.3,66,12.7,14.68,23.2,19
2023-09-08,6,4093585.2,681263.3,17,74,11.1,72,0,14.46,16.1,12.2
2023-09-09,7,4252766.1,604190.8,16.8,80,6.7,100,0.1,7.12,16.9,13.3
2023-09-10,1,4883597.7,568362.3,19,77,7.1,73,0.8,14.1,19.5,14.6
2023-09-11,2,4386729.4,687048.8,18.7,81,5.6,70,1.8,14.47,19.7,15.2
2023-09-12,3,4136767.2,676351.4,18.1,84,10.6,81,7.5,10.6,18.3,15.1
2023-09-13,4,3465372.9,633400.5,14.8,72,13.3,33,0.1,13.72,12.8,9.5
2023-09-14,5,3409843.8,638890.8,13.8,70,9.8,22,0.1,14.73,11.8,7.9
2023-09-15,6,3592749.6,657658.1,13.9,73,5.4,2,0,20.59,13.1,8.8
2023-09-16,7,4241913.5,602738.4,15.5,69,7.3,47,0,18.14,14.3,9.1
2023-09-17,1,4498153.8,547487,16.2,79,6.1,85,7.4,13,16.1,12.4
2023-09-18,2,3646147.6,634659.7,14.9,80,12.3,43,0.4,15.74,13.6,11.3
2023-09-19,3,3452873.8,633027.6,13.8,71,11.7,5,0,19.5,11.7,8
2023-09-20,4,3426250.8,642228.8,13.5,70,5.7,14,0,19.8,12.3,7.6
2023-09-21,5,3664967.8,666824.7,16.7,75,6,70,0,13.18,16.5,11.9
2023-09-22,6,3866745.3,674590,16.3,72,9.2,38,0,19.23,15.3,10.6
2023-09-23,7,4225672.4,601597.6,15.5,80,10.6,30,0,18.34,14.6,11.5
2023-09-24,1,4455343.6,550353.8,16.3,71,12.4,20,0,17.82,14.7,10.5
2023-09-25,2,3859595,655748.2,17.3,70,13.3,58,0,16.89,15.8,11.2
2023-09-26,3,3614449.2,648273.4,16.1,69,16.8,76,0,16.12,13.8,10.1
2023-09-27,4,3479384.6,643097.8,15.7,64,14.6,87,0,16.64,13.2,8
2023-09-28,5,3297057.9,635567.8,15,72,11.5,92,0,14.57,13.3,9.6
2023-09-29,6,3610806.8,663198.2,15.9,78,6.5,33,0,15.6,15.5,11.7
2023-09-30,7,4557056.5,624203.2,16.9,81,5.7,27,0,15.83,17.1,13.1
2023-10-01,1,5025936.8,578250.1,18.7,77,7.2,11,0,16.34,19,14
2023-10-02,2,4920836.3,708250.8,20,77,6.3,14,1.1,15.01,21,15.4
2023-10-03,3,5553685.3,752307.6,22.4,65,7.7,0,0,16.27,23,14.9
2023-10-04,4,5291268.8,748369,21.6,67,9.1,36,0.1,15.54,22,15
2023-10-05,5,4282912.2,705958.1,21,71,13.6,96,6.3,9.89,20.7,15.1
2023-10-06,6,3984506.9,673783.7,16.5,80,12.4,52,6.1,12.21,15.6,12.8
2023-10-07,7,3818229.6,549751.7,11.3,71,16.2,46,0.3,10.96,7.9,5.9
2023-10-08,1,3955094.1,493333.9,8.2,75,23.1,93,2.2,6.31,3.5,4.1
2023-10-09,2,3956532.2,479999.6,8.4,66,21.3,100,0.5,3.68,3.6,2.4
2023-10-10,3,3384735.8,611586.7,9,75,16.3,93,3.9,9.31,5.3,4.6
2023-10-11,4,3314385,620555.4,9.8,77,13.9,54,0.2,11.52,6.7,5.6
2023-10-12,5,3274803,624829.9,9.2,76,10.3,40,0,12.64,6.4,4.7
2023-10-13,6,3324226.9,626614.1,9.3,75,8.6,91,0,11.63,6.8,4.8
2023-10-14,7,3888852.7,565890.4,9.7,77,14.2,87,4.4,3.54,6.6,5.6
2023-10-15,1,4147510.1,518095.6,7.5,81,16.5,83,1.2,3.62,3.8,4.6
2023-10-16,2,3439363.2,615545.4,9.8,78,16.9,78,0,8.61,6.3,6
2023-10-17,3,3251952.7,624282.3,10.6,72,7.9,73,0,9.88,8.4,5.6
2023-10-18,4,3253540.1,624206.4,10.7,75,10.4,67,0,8.68,8.2,6.2
2023-10-19,5,3258447,628676.9,11.9,80,13,94,1.9,9.12,9.6,8.3
2023-10-20,6,3325593.1,632292.3,12.2,90,11.3,83,7.5,4.54,10.8,10.6
2023-10-21,7,3944180.2,573542.8,9.8,80,17.6,82,0,5.96,6.4,6.4
2023-10-22,1,4189889,525246.1,6.6,66,18.9,44,0,12.01,1.8,0.5
2023-10-23,2,3478189.4,625234.7,6.8,78,7.9,47,0,11.66,4.1,2.8
2023-10-24,3,3242043.6,629852.7,13.2,72,12.5,67,0,10.98,10.8,7.7
2023-10-25,4,3207462,636050.2,17.2,70,14.8,100,0.5,4.51,15.6,11.7
2023-10-26,5,3225543,640398,16.8,84,11.7,95,3.6,3.15,16.3,13.9
2023-10-27,6,3310787,659375.6,18.7,79,19.3,47,7.8,7.52,17.6,15
2023-10-28,7,3849464.7,574231,11.2,71,14.2,76,0,10.62,8.3,6
2023-10-29,1,4242546.1,527373.6,6.1,76,10.2,100,3.1,3.42,2.8,2.2
2023-10-30,2,3702527.4,641495.6,3.6,82,12.3,70,4.5,4.35,-0.2,0.7
2023-10-31,3,3635486.7,647749.7,1.7,74,10.3,51,0.1,9.47,-2.4,-2.9
2023-11-01,4,3730393.9,664999,0.9,69,12.6,42,0,9.21,-3.6,-4.5
2023-11-02,5,3608230.7,663002.4,3.7,61,15.4,63,0,8.9,-1.1,-3.3
2023-11-03,6,3490902.2,653611.2,8.8,59,19.7,68,0.2,10.61,4,0.9
2023-11-04,7,4023218.5,591892.5,8.9,80,8.2,88,2.4,6.03,6.6,5.4
2023-11-05,1,4255198.1,542840.8,6,78,7.1,68,0,7.31,3.2,2.1
2023-11-06,2,3563664.7,642796.1,9.1,82,16.6,92,2.1,5.86,5.7,6
2023-11-07,3,3520190.9,653118.4,7.9,73,19.4,79,0,3.57,3.6,3.3
2023-11-08,4,3914888.2,690690.6,0.1,76,14.3,87,12.6,4.25,-4.5,-3.6
2023-11-09,5,3658500.4,676118.5,6.2,74,16.6,55,4.3,6.55,1.9,1.6
2023-11-10,6,3658886.7,672038.9,5.2,63,15.5,31,0,9.64,0.6,-1.7
2023-11-11,7,4412322.4,622354,2.5,74,6.8,91,0,4.94,-0.9,-1.8
2023-11-12,1,4457970.1,563821.8,1,79,6.7,55,0,7.98,-2.4,-2.3
2023-11-13,2,3716726.1,648442.8,5.3,77,14,28,1.4,9.89,1.4,1.3
2023-11-14,3,3564211.7,661148.2,4.9,74,10.2,49,0,7.56,1.4,0.6
2023-11-15,4,3563576.1,661234.8,6.8,75,12.4,55,0,8.34,3.3,2.4
2023-11-16,5,3486605.5,660438.6,7.4,74,8.6,65,0,8.67,4.6,2.8
2023-11-17,6,3586414.5,662131.7,9.7,68,17.7,91,0.9,2.67,5.8,4
2023-11-18,7,4250256,615088.3,2.9,68,13.2,20,0,8.47,-1.6,-2.7
2023-11-19,1,4551446.7,569541.3,2.5,70,12.7,32,0,6.74,-1.8,-2.6
2023-11-20,2,3973632.1,686279.4,-2.6,68,9.1,59,0,8.65,-7,-8
2023-11-21,3,3981431.2,704578.5,1.5,86,16,100,9.9,1.47,-3,-0.6
2023-11-22,4,3768093.1,688818.9,4.1,87,10.6,95,1.4,2.78,0.7,2
2023-11-23,5,3784230,694552.2,3.3,74,17,73,0,3.66,-1.4,-0.9
2023-11-24,6,4005221.4,714805.5,-1.9,63,12.6,60,0,3.63,-6.8,-8
2023-11-25,7,4531417.5,655006.9,-0.5,71,10.4,78,1.5,6.21,-4.9,-5.3
2023-11-26,1,4632082,590283.8,1.7,83,9.6,86,7.8,5.99,-2,-1
2023-11-27,2,4046860.5,699380.1,0,71,21.2,89,0.2,5.22,-5.9,-4.9
2023-11-28,3,4138735.6,727482.6,-3.8,62,19.3,34,0.2,8.42,-9.8,-10.3
2023-11-29,4,4202070.1,739016.6,-2.8,65,19.4,61,0.3,3.69,-8.8,-8.5
2023-11-30,5,3846510.6,707073,3.1,75,18.4,42,0,8.21,-1.8,-1
2023-12-01,6,3921986.6,705758.3,2.5,91,9.5,100,10.3,0.98,-0.8,1.2
2023-12-02,7,4563807.7,656379.3,2.1,92,9.6,100,3.8,1.97,-1.3,0.8
2023-12-03,1,4767227.1,605195.2,1.8,91,10.4,100,5.1,1.57,-1.7,0.5
2023-12-04,2,4010054.7,698935.4,1.8,81,14,85,0,4.97,-2.6,-1.3
2023-12-05,3,3966200.7,711170.6,-0.5,83,5.3,93,1,2.07,-3.9,-3.1
2023-12-06,4,4037160.7,722632.3,-1.5,77,9.2,76,0.5,5.56,-5.6,-5.2
2023-12-07,5,3989167.1,718661.6,1.5,82,11.8,96,1.9,4.01,-2.5,-1.4
2023-12-08,6,3828658.7,702741.4,2.4,89,8.3,80,0,6.88,-0.8,0.8
2023-12-09,7,4259250.1,631962.1,9,80,13,99,4.3,4.18,6.1,5.7
2023-12-10,1,4569053.5,587213.5,4.6,79,13.6,91,2.6,3.76,0.7,1.1
2023-12-11,2,4082385.5,707180.4,0.1,67,16.8,94,0,2.82,-5.1,-5.3
2023-12-12,3,4049268.7,720158,0.9,65,20.9,55,0,6.61,-4.9,-5
2023-12-13,4,4069609.2,727427.4,-1.1,61,17.1,42,0,4.56,-6.6,-7.8
2023-12-14,5,4053583.5,728713.1,1.4,62,15.9,56,0,6.82,-3.7,-5.4
2023-12-15,6,3811383.1,701075.3,5.3,72,15.5,41,0,7.43,1.1,0.7
2023-12-16,7,4428633,640161.8,3.1,93,9.4,100,0.8,2.64,0,2.2
2023-12-17,1,4641864.9,593888.2,5.1,87,11.9,99,6.7,1.05,1.8,3
2023-12-18,2,3962971.4,693656.8,3.4,90,14.2,100,3.1,1.57,-0.5,1.9
2023-12-19,3,4176969.8,730323.5,-3,64,19,47,0.3,6.98,-9,-8.9
2023-12-20,4,4118838.1,730277.4,0.1,68,11.5,71,0,6.31,-4.3,-5.3
2023-12-21,5,4106973.3,728968.4,-2.5,75,11.6,75,0,6.21,-7.1,-6.5
2023-12-22,6,4329934.7,731636.9,-2.8,82,9.1,96,0,3.25,-7,-5.5
2023-12-23,7,4737211.2,653450.2,0.3,96,6,100,10,1.02,-2.7,-0.2
2023-12-24,1,4636284,595178.5,1.7,96,5,98,0,2.26,-0.9,1.1
2023-12-25,2,4387478.5,536427.3,3.7,99,6.4,100,0,2.76,1.2,3.5
2023-12-26,3,4009856.1,577515,4.4,98,5,100,0.6,1.8,2.3,4.1
2023-12-27,4,3897462.7,656792.4,6.4,98,7.7,100,21.5,0.95,4.3,6.1
2023-12-28,5,3880501.5,660777.9,5.6,98,6.9,100,2.4,1.02,3.5,5.3
2023-12-29,6,3958133.6,660850.6,5.1,93,11.3,100,12.4,2.02,2.1,4.1
2023-12-30,7,4583746.6,642951.6,0.3,75,10.3,95,0,4.38,-3.8,-3.6
2023-12-31,1,4686951.7,600833.8,-0.2,88,7.2,100,4.1,2,-3.7,-2
2024-01-01,2,4126283.8,486963.4,-2.1,76,9.6,90,0.9,3.58,-6.3,-5.9
2024-01-02,3,3856472.1,596124.4,-1.1,72,16.2,68,0,6.65,-6.4,-5.7
2024-01-03,4,3797830.3,604223.6,0.5,80,14.1,99,0.1,2.77,-4,-2.5
2024-01-04,5,3839795.7,615680.5,-4.1,62,14.2,48,0.1,6.96,-9.4,-10.5
2024-01-05,6,3916997.9,619728.5,-2.4,66,13.2,96,0,3.45,-7.4,-7.9
2024-01-06,7,4348356.9,564073,-1.6,78,13,100,2.2,2.61,-6.3,-5
2024-01-07,1,4494806.2,525106.9,-1.4,78,8.1,92,1.4,4.69,-5.3,-4.9
2024-01-08,2,3734255.4,599653.1,0.2,82,8.5,73,0,2.89,-3.5,-2.6
2024-01-09,3,3775919.7,600487.4,0.8,93,18.8,100,31,0.71,-4.1,-0.3
2024-01-10,4,3707443.6,609098.4,1.1,78,25.7,91,1.1,4.13,-5,-2.4
2024-01-11,5,3674107,606614.5,0.2,85,9.8,92,3.3,2.27,-3.6,-2
2024-01-12,6,3833568.5,615259.8,-0.3,89,18.6,96,14.8,3.39,-5.4,-1.9
2024-01-13,7,4428026,563599.7,-0.6,80,24.2,100,5,3.54,-6.7,-3.6
2024-01-14,1,4755180.8,552212.4,-8.1,73,25.5,89,0.3,6.92,-15.2,-12.1
2024-01-15,2,4203364.8,650583,-12.9,70,15.7,64,0,8.41,-18.9,-17.3
2024-01-16,3,4122713.1,653442.6,-10.8,72,13,77,1.8,5.42,-16.3,-14.9
2024-01-17,4,4202552.5,667959.2,-12.5,66,22,44,0,8.75,-19.4,-17.6
2024-01-18,5,4051657.8,656264.8,-7,75,12.5,100,0.6,3.43,-12.1,-10.7
2024-01-19,6,4140902.5,666247.4,-10.6,71,14.1,100,0,5.67,-16.2,-15
2024-01-20,7,4833946,624185,-11.6,68,12.2,91,0.1,4.73,-17,-16.4
2024-01-21,1,4773983.9,563054.8,-7.5,72,12.6,54,0,6.74,-12.7,-11.8
2024-01-22,2,4065890.1,641116.5,-4,75,16.8,90,1,3.82,-9.5,-7.8
2024-01-23,3,3812720.9,624093.8,-1.1,93,8.4,100,6.8,2.34,-4.7,-2
2024-01-24,4,3735103.2,622043.4,0.6,99,4.2,100,8.6,1.71,-2.1,0.4
2024-01-25,5,3641013.5,613952.1,1.8,95,7,100,0.1,3.92,-1.1,1.1
2024-01-26,6,3688267.6,613996.6,2.3,89,11.3,93,25,6.49,-1.4,0.7
2024-01-27,7,4210946,560111.5,1.3,91,5.3,99,0,4.98,-1.6,-0.1
2024-01-28,1,4415537.2,525122.1,1,90,13.3,100,1.3,2.18,-3.2,-0.5
2024-01-29,2,3662977.1,600534.5,-0.4,82,10,63,0,8.27,-4.5,-3.2
2024-01-30,3,3707117.5,615161.8,0,86,10.9,99,0.5,2.96,-4,-2.1
2024-01-31,4,3618330,609115.1,1,86,9.4,94,0,5.8,-2.6,-1.1
2024-02-01,5,3607813.1,610303.7,2.2,87,13.8,100,0.5,3.1,-1.9,0.3
2024-02-02,6,3632603.1,611041.6,-0.9,82,15.1,60,0,8.77,-5.7,-3.6
2024-02-03,7,4176819.4,560712.9,-2.1,78,5.2,1,0,10.89,-5.7,-5.6
2024-02-04,1,4379521.5,523331.6,-1,75,7.9,2,0,10.76,-4.9,-5.1
2024-02-05,2,3726304.5,609297.8,-0.3,79,10.3,57,0,6.97,-4.4,-3.7
2024-02-06,3,3571826.3,605351.5,-1.8,72,6.5,21,0,11.57,-5.7,-6.7
2024-02-07,4,3561870.8,605137,0.2,75,5.3,84,0,10.04,-3.2,-3.9
2024-02-08,5,3531137.9,601965.9,1.1,85,6.8,83,0,7.53,-2.2,-1.3
2024-02-09,6,3351904.6,582491.7,8.2,76,20.4,34,0.6,10.62,3.8,4.1
2024-02-10,7,3890271,531887.2,4.7,73,12.8,35,0,11.87,0.7,0.1
2024-02-11,1,4294194.1,511339.4,0.7,71,9.4,96,0,7.05,-3.3,-4
2024-02-12,2,3607891.7,592841.9,-0.2,71,7.1,72,0,6.4,-4,-5
2024-02-13,3,3643262.2,609857.6,-1.2,65,15.5,72,0,10.55,-6.4,-7.2
2024-02-14,4,3700375.6,624592,-3.9,49,12.4,36,0,12.95,-9.2,-13.5
2024-02-15,5,3860233.5,626486.8,-3.1,74,14.6,71,5.9,2.92,-8.2,-7.2
2024-02-16,6,3830815.5,625749.2,-3.3,69,16.7,88,0.4,4.95,-8.9,-8.4
2024-02-17,7,4345201.1,576809,-6.9,64,13.7,79,0.1,11.34,-12.3,-12.8
2024-02-18,1,4443421.7,544875.6,-3.8,67,23.9,90,1.9,7.09,-10.5,-9.1
2024-02-19,2,4247796.6,525160.3,-6.5,67,6.8,24,0,13.57,-10.8,-11.8
2024-02-20,3,3660286,616491.2,-3.2,69,9.4,50,0,14.12,-7.6,-8.7
2024-02-21,4,3515938.3,599563.1,3.1,65,11.2,76,0.8,11.42,-1.1,-3.5
2024-02-22,5,3339562.6,584647.5,4.6,73,9.2,99,0,9.4,1.2,0
2024-02-23,6,3491164.7,595487,0.9,67,15.3,51,0,13.38,-4.1,-4.9
2024-02-24,7,4418870.5,584655.1,-8.2,41,12.1,11,0,15.34,-13.7,-19.5
2024-02-25,1,4429805.8,525269.1,-0.2,55,18.7,58,0,11.46,-6,-8.7
2024-02-26,2,3462961.9,582869.9,2.3,72,9.1,42,0,15.08,-1.4,-2.5
2024-02-27,3,3462178.9,586410.6,7,81,11.8,61,3.6,9.46,3.9,3.9
2024-02-28,4,3502570.8,593594.7,3.9,75,25.8,90,2.4,10.36,-1.6,-0.5
2024-02-29,5,3867028.7,638052.4,-5.4,45,19.7,56,0,10.52,-11.9,-15.7
2024-03-01,6,3568673.4,603509.8,1.3,55,11,55,0,15.89,-3.3,-7.3
2024-03-02,7,4046131.6,540833.7,3.5,85,5.6,98,0.8,3.83,0.8,1.1
2024-03-03,1,4095682.1,491245.7,5.2,95,7.4,93,0,7.41,2.8,4.5
2024-03-04,2,3273408.7,564201.6,6.6,91,9,78,0,15.17,4.3,5.2
2024-03-05,3,3139390.7,559005.1,10.9,81,12.3,60,1.5,13.82,8.5,7.5
2024-03-06,4,3348964.6,575873.4,5,89,15.4,100,2.2,3.63,1.2,3.4
2024-03-07,5,3263953.5,575649.5,4.2,66,11.8,41,0.1,17.43,0.2,-1.8
2024-03-08,6,3312227.5,572358.7,4.2,75,11.5,99,0.6,13.62,0.5,0
2024-03-09,7,3929921.5,524978,7.2,85,17.9,98,10,5.43,3.3,4.8
2024-03-10,1,4317109.1,508908.3,0.1,67,20.6,97,0.5,8.62,-5.7,-5.6
2024-03-11,2,3552096.1,584556.4,2,53,18.2,38,1.4,16.31,-3.6,-6.8
2024-03-12,3,3231455.3,567959.6,7.7,68,9.6,72,0.1,16.81,4.6,1.6
2024-03-13,4,3079349.8,558578.5,11.8,57,15.3,52,0,18.22,8,2.7
2024-03-14,5,3281712.9,565658.5,6.8,77,8.6,99,16,7.63,3.9,2.8
2024-03-15,6,3289342.6,568301.1,6,78,12,72,0.4,10.89,2.6,2.3
2024-03-16,7,3935547.6,527662.8,4,78,16.3,80,6.3,9.2,-0.4,0.2
2024-03-17,1,4124095.3,489108.2,1.9,67,17,37,0.6,16.15,-3.1,-3.9
2024-03-18,2,3671528.7,595902.6,-0.5,60,19,87,0.2,9.76,-6.3,-7.4
2024-03-19,3,3664609.3,603769.5,-0.5,69,18.9,89,1.8,5.88,-6.1,-5.6
2024-03-20,4,3654812,608984.2,-2.3,56,22.3,51,0.4,16.92,-8.7,-10.2
2024-03-21,5,3770083.6,628236.9,-4.9,48,16.2,29,0,17.83,-10.7,-14.7
2024-03-22,6,3933717,627423.9,-5,73,9.4,84,6.7,5.03,-9.5,-9.2
2024-03-23,7,4257940.4,566848.6,-3.4,68,13.6,52,0.3,18.87,-8.3,-8.9
2024-03-24,1,4341070.4,519714.7,-3.5,56,8.9,36,0,21.01,-7.9,-11.6
2024-03-25,2,3467307.7,582295.6,2.8,64,13.5,59,0,20.06,-1.5,-3.5
2024-03-26,3,3404530,581009.5,4.7,77,12.1,100,8.6,4.96,1,0.9
2024-03-27,4,3334582.6,576863.8,6.4,77,15.7,79,0.2,13.79,2.5,2.4
2024-03-28,5,3299496.6,579993.5,2.2,61,12.4,11,0,21.25,-2.3,-5.6
2024-03-29,6,3817413.3,496066.6,0.6,65,15,34,0,14.58,-4.4,-5.5
2024-03-30,7,3868737.7,517002.3,2.2,73,8.1,71,0.6,16.12,-1.3,-2.3
2024-03-31,1,3946899.8,466197.2,3.5,70,9.5,88,0,14.4,-0.2,-1.7
2024-04-01,2,3378066.9,548542.4,4.7,66,11.1,86,0,20.23,1,-1.4
2024-04-02,3,3442850.2,576295.6,4.4,77,22.9,100,4.4,5.09,-0.9,0.5
2024-04-03,4,3523585.7,588665.5,4.2,98,19.7,100,39.7,2.91,-0.1,3.9
2024-04-04,5,3561259.6,596802.2,1.7,92,12.3,94,5.7,6.04,-2.2,0.4
2024-04-05,6,3531824.7,593954.8,2.4,73,19.9,91,0.5,16.26,-2.9,-2.1
2024-04-06,7,3821289.6,527032.5,6.1,61,18.4,22,0,23.4,1.3,-1.8
2024-04-07,1,3826964.4,476175.8,7.4,56,9.3,20,0,23.59,4.1,-1.2
2024-04-08,2,3267409.7,544103,7.5,64,7.5,68,0,14.77,4.5,0.9
2024-04-09,3,3070830.4,555451.1,11.8,72,10.3,52,2.8,19.56,9.7,6.8
2024-04-10,4,2989092.6,546195.5,12.1,62,9.5,76,0,20.63,9.6,4.4
2024-04-11,5,3137824.2,550613.4,10.4,91,10.7,100,22.8,5.38,8.6,8.8
2024-04-12,6,3259542.4,557175,8.2,87,21.6,100,21.4,8.11,4.2,6.1
2024-04-13,7,3868960.4,514158.5,5.8,69,26.4,70,3.2,16.01,0,0.2
2024-04-14,1,3807751.2,466485.1,11,68,9.3,55,5.6,18.11,8.7,4.9
2024-04-15,2,3074929.4,539521.1,9.5,65,13.1,18,0,21.68,6,2.2
2024-04-16,3,3016778.5,544121.9,10,55,8.8,29,0,25,7.1,0.9
2024-04-17,4,3333538,560005.2,6.4,79,17.3,100,12.4,8.14,2.3,2.8
2024-04-18,5,3171261.4,552549.2,11.3,77,10.5,91,0.1,15.21,9,7
2024-04-19,6,3175453.7,552478.5,9.3,73,11.7,66,2.8,14.97,6.4,4.3
2024-04-20,7,3902104.2,509599.3,4.9,55,16.5,65,0.4,17.76,-0.1,-3.8
2024-04-21,1,3994806.4,467963.3,4.7,57,15.5,56,0,16.96,-0.2,-3.6
2024-04-22,2,3205941.3,545429.8,6.7,52,10.5,27,0,24.16,3,-3
2024-04-23,3,3141266.3,545339.9,10.9,60,21.2,100,0.8,14.52,6.3,3.1
2024-04-24,4,3209415,554625.1,5.8,68,17.6,52,0.2,20,1.4,-0.3
2024-04-25,5,3218549.3,558921.7,3,62,8.8,6,0,26.53,-0.5,-3.7
2024-04-26,6,3204732.9,554044.4,5.3,54,12.2,34,0,27.48,1.3,-4
2024-04-27,7,3731814.4,500475.5,12,80,13.8,88,8,9.89,9.8,8.7
2024-04-28,1,3731815.3,459089.6,16.7,83,15.8,72,5.4,11,15.7,13.8
2024-04-29,2,3115985.4,531691.7,10.2,86,11.1,100,21,13.91,8,7.9
2024-04-30,3,3043628.1,543870.3,12.8,88,6.4,70,3.5,17.64,12.2,10.8
2024-05-01,4,3009174.1,539702.6,13.4,79,9.7,30,0.2,22.31,12.1,9.5
2024-05-02,5,3040039.2,549576.3,14,70,10.5,32,0,25.92,12.5,8.5
2024-05-03,6,3073903.6,537933.7,12.1,82,7.7,91,3.6,9.72,10.8,9.1
2024-05-04,7,3677467.3,506656.8,14.4,85,10.8,63,0,22.46,13.6,11.8
2024-05-05,1,3703682.8,448691.9,15,85,9.3,78,4.2,12.03,14.4,12.4
2024-05-06,2,3075971.3,527230.8,12.7,53,11.4,77,0,24.92,9.8,3.1
2024-05-07,3,3023124,539914.6,13,61,10,52,0.7,27.43,10.9,5.4
2024-05-08,4,3029152.8,533758.7,13.6,74,20.3,62,21.5,22.39,10.5,8.9
2024-05-09,5,2980808,531109.9,11.3,75,9.1,62,0.1,17.66,9.2,6.8
2024-05-10,6,3013361.5,529851.8,11.3,71,7.6,60,2.7,20.93,9.3,6
2024-05-11,7,3579835.3,480725.2,10.2,81,12.4,84,2.6,15.19,7.6,6.8
2024-05-12,1,3635261.9,449853,12.7,71,10.6,60,0.5,20.79,10.5,7.1
2024-05-13,2,3134700.5,537341.6,16.3,71,14.4,66,2.2,23.64,14.8,10.8
2024-05-14,3,3080594.2,538484.8,15.9,83,7.7,94,11.3,15.75,15.8,12.9
2024-05-15,4,3048783.8,541580.4,14.9,77,8.9,77,2.6,17.78,14.1,10.8
2024-05-16,5,3248849.4,566505,15.9,73,7.9,53,0.3,26,15.4,10.9
2024-05-17,6,3227897.5,545809.6,14.8,93,6,90,4.5,9.88,15.1,13.7
2024-05-18,7,3884564.9,511408.2,16.1,87,7,62,0.4,19.07,16.3,13.7
2024-05-19,1,4338196.2,493293.9,17.2,86,7.3,48,0.2,25.04,18.2,14.7
2024-05-20,2,4930625.3,485970.3,19.5,71,7.5,82,2,25.09,20,13.6
2024-05-21,3,5034141.7,621240,20.6,79,9.7,66,1.3,22.02,21.6,16.3
2024-05-22,4,5673600,658637.3,21.2,77,15.4,41,15.9,22.19,21.5,16.8
2024-05-23,5,4748066.4,615495.4,18.8,54,13.4,18,0,26.67,16.7,8.5
2024-05-24,6,4381430.9,606014.1,18.1,53,12.5,15,0,29.47,16.2,7.9
2024-05-25,7,3866095.2,495228.2,14.8,80,8.1,71,1.4,13.96,14.2,11.3
2024-05-26,1,4358213.3,474908.6,16.3,75,12.1,77,0.1,26.87,15.4,11.3
2024-05-27,2,3695486.5,557947.6,17.9,85,20.3,84,31.1,14.41,16.8,15.2
2024-05-28,3,3382790.8,543178.3,15.4,81,14.3,88,6.7,16.67,13.9,12
2024-05-29,4,3320084.9,540796.4,13.7,63,13.5,66,0.2,27.07,11.2,5.8
2024-05-30,5,3167290.9,540498.9,12.5,51,13.2,5,0,30.84,9.3,1.9
2024-05-31,6,3560296.4,574996.7,15.5,52,9.7,8,0,30.29,13.4,5
2024-06-01,7,4469916.3,531808.7,17.3,57,8.9,88,0,25.55,15.9,8.4
2024-06-02,1,4154136.9,457732.2,16,85,6.1,100,7,7.49,16.2,13.4
2024-06-03,2,3995130.5,570210.5,18.1,90,6.7,73,4.3,20.37,19.5,16.3
2024-06-04,3,4992352,623154.9,19.8,85,5.9,83,0,24.99,21.7,16.9
2024-06-05,4,4974611.7,625522.1,20.2,84,9.3,100,5.8,16.12,21.5,17.2
2024-06-06,5,4872377.2,616877,20,70,12.6,37,0.1,24.59,19.6,13.6
2024-06-07,6,3567478.2,550085.6,15.9,72,16.7,61,3.3,19.26,13.7,10.6
2024-06-08,7,3917088.1,499561,15.5,70,15.9,61,4.6,17.11,13.1,9.7
2024-06-09,1,3929763.3,442390.3,14,77,15.8,52,7.8,17.42,11.8,9.9
2024-06-10,2,3138847.3,509620.5,12.9,70,14,73,0.1,18.53,10.3,7.5
2024-06-11,3,3079256.6,525176.7,13.4,71,8.2,77,0,13.14,11.8,8.2
2024-06-12,4,3588230.9,566187.2,17.4,71,9.9,67,0,24.22,16.7,11.7
2024-06-13,5,5184018.4,646210.2,22.4,65,16.7,76,2.3,24.65,22,15.2
2024-06-14,6,4894972.4,610464.5,18.8,63,12.2,14,0.3,27.29,17.7,11.1
2024-06-15,7,4563239.5,526206.7,16.3,59,11.2,26,0,30.46,14.6,7.8
2024-06-16,1,4721639.9,483951.4,16.7,63,8.8,94,0,26.63,15.6,9.3
2024-06-17,2,5954294.7,650137,23.7,69,10.1,54,0.6,26.36,25.3,17.4
2024-06-18,3,7560294.4,723770.5,26.8,71,10.8,59,0.1,25.3,29.8,20.7
2024-06-19,4,7767590.8,746179,26.7,72,10.8,83,1,20.36,29.6,20.8
2024-06-20,5,7134129,715472.1,24.5,81,7.6,77,17.1,21.3,27.9,20.8
2024-06-21,6,5976328.8,663486.6,21.9,88,6,57,11.1,18.79,24.8,19.7
2024-06-22,7,6203217,591185.9,21.4,91,6.7,99,14.2,14.94,24.2,19.8
2024-06-23,1,5884432.1,527047.3,21.5,77,21.9,78,5.3,20.12,21.1,17.2
2024-06-24,2,5357212,620131.4,21.3,59,14,23,0,29.13,20.3,12.1
2024-06-25,3,4847627.4,611682.8,21.3,73,17,87,1.4,16.47,21,16.2
2024-06-26,4,5038097,618652.6,21.3,76,11.3,61,6.1,14.91,21.9,16.2
2024-06-27,5,4133087.5,573245.5,16.5,66,12.4,30,0.3,22.62,14.8,9.5
2024-06-28,6,3778742.9,565838.6,16.4,67,8.4,80,0.2,20.45,15.4,10
2024-06-29,7,5193075.1,551890.6,21.5,85,13.2,89,8.5,14.45,22.9,18.6
2024-06-30,1,4568160.7,470931.3,17,73,17.9,43,0,18.12,15.2,11.9
2024-07-01,2,4547387.9,469412.8,18,60,8.6,1,0,30.11,17.1,9.4
2024-07-02,3,4470340.8,590873.4,18.4,66,8.3,79,0,20.98,17.9,11.5
2024-07-03,4,5987144.3,674891.5,22.8,78,13.7,71,12.1,19,24.2,18.5
2024-07-04,5,6601868.8,698788,23.4,72,8.8,62,0.1,22.78,25.1,17.5
2024-07-05,6,6174523.9,677123.2,22.1,77,7.2,60,3.2,19.18,24,17.3
2024-07-06,7,6412067.8,603210.6,22.1,75,9.9,17,0.9,26.89,23.5,17
2024-07-07,1,6866357.5,565678.5,21.9,70,8.2,23,0.1,25.51,22.9,15.8
2024-07-08,2,6708787.6,688227.5,23.5,68,8,77,0,23.4,25,16.8
2024-07-09,3,6820672.9,706351,24.3,67,10.1,97,0,18.61,25.7,17.7
2024-07-10,4,4783522,615280.3,20.5,88,13.5,100,47,8.33,21.7,18.5
2024-07-11,5,4925295.3,629209.1,21.4,78,15.4,61,8.7,20.31,21.9,17.2
2024-07-12,6,5445615.1,652014.4,21.5,77,6.3,26,3.2,23.61,23.3,16.8
2024-07-13,7,6614778.8,610824.8,23.3,68,6.4,2,0,28.22,24.9,15.9
2024-07-14,1,7094670.7,573191.6,23.1,78,11.5,46,12.7,21.12,25,19
2024-07-15,2,6070663.9,656684,22.8,87,9.6,65,11,12.1,25.6,20.6
2024-07-16,3,5726762.1,652499.8,23,80,13.8,61,10.1,17.11,24.6,19.1
2024-07-17,4,5759953,653458.8,21.9,68,11,40,0.4,24.19,22.4,15.3
2024-07-18,5,4563619.6,606647.7,18.1,68,14.2,25,0.2,23.41,16.7,11.8
2024-07-19,6,4829370.3,623282,18.9,63,9,16,0,25.21,18.1,10.9
2024-07-20,7,5946918,586362.5,21.1,61,11.4,37,0,23.47,20.6,12.8
2024-07-21,1,6340265.5,552712,21.3,66,5.9,53,1.3,22.31,22.1,14.6
2024-07-22,2,5750986.3,641760.8,21.1,63,6.2,80,0.1,26.06,21.8,13.4
2024-07-23,3,6031255.8,668209.4,21.7,68,6.1,38,4.6,25.01,23,15.3
2024-07-24,4,5460903.8,647814.6,21.1,79,13,58,3.3,17.95,21.7,17
2024-07-25,5,4871292.5,616396.9,19,65,12.8,18,0,23.97,17.9,11.8
2024-07-26,6,5292081.9,641625.2,20.1,59,7.5,11,0,27.62,19.9,11.2
2024-07-27,7,6306021.2,602291.7,21.1,64,6.4,21,0,27.72,21.8,13.5
2024-07-28,1,7075529,575454.6,22.5,69,6.7,9,0,27.25,24.1,16
2024-07-29,2,6928033.2,694228.3,23.1,72,7.2,12,0,26.87,25.1,17.2
2024-07-30,3,6868804.4,711912.1,23.5,83,7.7,77,3.7,20.43,26.5,20.3
2024-07-31,4,7346828.5,734913.5,24.8,75,10.1,32,0.2,23.32,27.3,19.5
2024-08-01,5,6995271.3,722648.2,24.5,79,5.4,58,0.2,21.93,27.9,20.3
2024-08-02,6,6901409.3,717407.2,23.6,86,4.6,87,2.9,13.18,27.3,21
2024-08-03,7,7390666.6,647215.1,25,70,8.5,82,0,17.91,27,18.7
2024-08-04,1,6858868.7,576114.2,24,61,11.1,31,0,20.09,24.4,15.5
2024-08-05,2,6113772.9,553762,22,83,8,92,12,17.22,24.2,18.7
2024-08-06,3,4321232.2,585636,18.5,87,9.5,78,9.8,6.65,19.3,16.3
2024-08-07,4,4684520.5,611508,18.7,69,11.8,16,0,26.4,18.2,12.5
2024-08-08,5,4558350.4,622914.7,20.2,87,10.3,73,6.8,13.45,21.6,17.9
2024-08-09,6,5383033.4,648595.3,22.1,77,11.5,57,14.8,21.77,23.5,17.5
2024-08-10,7,4798207.9,540581.8,18.3,67,15.6,22,0.2,22.48,16.8,11.8
2024-08-11,1,4558538.5,478968.6,17.2,69,16.8,30,1.3,21.34,15.2,11.1
2024-08-12,2,4124332.4,575713.2,18.4,73,12.2,44,0.1,21.61,17.8,13.1
2024-08-13,3,4828389.3,618834.4,20,71,6.7,53,0,21.6,20.6,14.2
2024-08-14,4,5475482.7,648639.3,21.3,65,6.6,8,0,25.51,21.9,13.6
2024-08-15,5,5937294.3,672498.5,21.7,69,6.8,12,0,25.52,22.8,15.1
2024-08-16,6,5337373.6,652059.4,22,78,9.4,89,1.5,14.67,23.5,17.8
2024-08-17,7,5578022.4,577674.6,21.6,89,10.2,98,14.4,12.04,23.8,19.7
2024-08-18,1,5728860.9,528969.2,20.9,87,10.3,90,9.4,14.37,22.5,18.4
2024-08-19,2,3563159.3,536330.4,16.1,72,19.9,80,0,16.41,13.5,10.8
2024-08-20,3,3324171.9,540801.5,14.6,63,17.1,26,0,18.44,11.4,7.4
2024-08-21,4,3440335.5,554519.2,15.4,63,14.5,26,0,19.55,12.8,8
2024-08-22,5,3968323.6,592080.6,17.8,65,11.2,25,0.1,19.31,16.5,10.7
2024-08-23,6,4539459.1,613772.2,19.3,64,10.6,45,0,19.67,18.4,11.8
2024-08-24,7,5484282.2,571726.6,20.8,69,9.2,19,0,21.43,21.1,14.4
2024-08-25,1,6575864.2,557108.6,21.8,72,4.2,30,0.1,20.64,23.4,15.9
2024-08-26,2,6408185.2,671763.2,22.7,73,7.2,24,0,21.3,24.3,17.1
2024-08-27,3,7024458.4,719321.1,24.7,77,10.5,68,2.2,19.47,27.2,20.1
2024-08-28,4,5586742.2,654679.6,21.8,85,10.1,92,1.3,14.3,24,19.2
2024-08-29,5,3995835.3,586399.6,18.3,76,7.4,74,0,12.72,18.5,14
2024-08-30,6,5051809.7,641792.4,20,85,7.8,54,4.5,19.61,21.7,17.3
2024-08-31,7,6214430.6,594917.2,22.6,73,10.4,53,1,19.9,23.8,16.8
2024-09-01,1,5361069.4,521352.9,19.8,61,17.7,6,0.3,21.22,17.9,11.6
2024-09-02,2,4042197.6,451291.9,15,58,13.8,7,0,22.07,12.2,6
2024-09-03,3,3723355.4,573576.3,16.2,57,7.5,9,0,21.93,14.5,6.9
2024-09-04,4,4089618,595393.6,18.1,66,7.4,0,0,22.22,17.7,11.2
2024-09-05,5,4481090.8,619928.5,19.7,69,10.6,10,0,22.05,19.5,13.4
2024-09-06,6,3958464,592986.5,19.1,75,12.1,90,12,12.36,18.9,14.5
2024-09-07,7,3759755.7,485853,12.8,72,18.3,63,2,16.68,9.6,7.7
2024-09-08,1,3790047.2,445992.7,13.3,61,19.5,51,0.1,15.17,9.5,5.7
2024-09-09,2,3260439,537416,15.9,78,12.7,44,7,12.86,14.7,12
2024-09-10,3,3616355.4,566261.6,16.1,71,7,45,0,20.46,15.4,10.3
2024-09-11,4,3859180.6,581101.5,18,72,7.3,31,0,20.81,17.9,12.5
2024-09-12,5,4265539.8,609480.8,19.6,78,5.1,5,0,20.3,20.9,15.4
2024-09-13,6,4658764.4,627566,20.1,81,5,0,0,20.06,21.8,16.4
2024-09-14,7,5432627.6,574614.4,19.4,83,7.2,10,0,19.43,20.6,16.1
2024-09-15,1,6004995.1,541263.2,20.3,80,6.8,6,0,19.51,21.6,16.2
2024-09-16,2,5291874.1,631365.9,21,68,5.8,2,0,19.5,21.6,14.2
2024-09-17,3,4625582.9,613963.6,19.2,72,6.4,41,0,19.3,19.6,13.7
2024-09-18,4,4615676.8,620196.2,18.3,77,6.6,88,0,16.32,18.8,14.1
2024-09-19,5,4735112.8,628833,19.1,74,6,2,0,18.98,19.8,14.2
2024-09-20,6,4477301.8,620220.9,19.8,71,6.4,50,0,17.22,20.3,14.1
2024-09-21,7,5159574.4,565548.1,19,87,5.6,40,4.9,13.11,20.5,16.6
2024-09-22,1,4999392.7,502688.7,19,90,6.6,89,2.7,10.85,20.6,17.1
2024-09-23,2,3890735.4,565517.2,18.8,91,10.3,87,15.1,9.75,19.9,17.2
2024-09-24,3,3432415.5,554685.8,17.2,95,12.6,100,7,3.68,17.6,16.4
2024-09-25,4,3767387.5,585277.2,19.3,88,14.8,85,12,9.77,19.8,17.2
2024-09-26,5,4002168.8,592064,18.2,74,6.9,54,0,17.39,18.2,12.7
2024-09-27,6,3776458.6,582883.6,16.8,76,11.1,97,0,16.66,15.9,12.2
2024-09-28,7,4278744.2,534833.2,18.4,77,12.5,90,0.1,10.23,18,14.2
2024-09-29,1,5044441,510226.7,18.7,85,9.5,56,0.7,11.33,19.4,16
2024-09-30,2,4229502.2,582101.5,17.3,86,9.2,31,0,15.61,17.5,14.7
2024-10-01,3,3535504.9,562978.1,17.4,91,8.5,96,15.7,6.88,18.3,15.9
2024-10-02,4,3238071.5,537173.5,13.5,73,9.9,32,1.1,16.17,11.7,8.2
2024-10-03,5,3181233.8,551870,15.3,66,10.7,46,0,16.38,13.5,8.5
2024-10-04,6,3169906.9,543505.2,14.1,76,7.8,36,1.1,11.68,12.9,9.5
2024-10-05,7,3672642.8,490238.8,12.4,67,8.2,4,0,16.62,10.3,5.9
2024-10-06,1,3902464.5,461587.9,15.3,76,11.6,56,27,9.64,14,10.9
2024-10-07,2,3115348.4,516644.6,11.7,68,15.1,29,0.1,11.88,8.5,5.8
2024-10-08,3,3007361,517683.6,10.6,68,15.4,13,0.3,14.75,7.1,4.7
2024-10-09,4,3107383.7,521401.7,8.5,70,15.4,24,0.1,11.89,4.7,3.1
2024-10-10,5,3107406,527149.7,8.1,76,9,27,0,12.13,5.4,3.8
2024-10-11,6,3144004.8,538680.8,13.6,65,17.1,54,0,13.57,10.3,6.7
2024-10-12,7,3576579.5,483420.2,11.5,67,9.7,54,0,15.22,9.1,5.4
2024-10-13,1,3707979.6,439539.5,8.7,78,12.6,84,2.3,4.71,5.7,5
2024-10-14,2,3706164.5,425637.7,6.5,66,18.4,100,0.1,11.17,1.8,0.4
2024-10-15,3,3258244.2,531375.9,5.8,73,16.3,72,0.3,11.2,1.5,1.1
2024-10-16,4,3243370.7,539476.3,6.3,73,13.5,47,0,8.95,2.4,1.5
2024-10-17,5,3162705.9,542710.5,7.6,74,7.2,3,0,14.29,4.9,2.8
2024-10-18,6,3128557.1,544838.9,9.5,70,7.5,0,0,14.34,7.1,3.9
2024-10-19,7,3602309.8,502882.1,12.1,72,9.7,0,0,13.91,9.9,6.8
2024-10-20,1,3761598.7,465270.8,14.7,60,15.2,5,0,13.55,11.6,6.6
2024-10-21,2,3283824.6,560485.4,17.9,55,14.6,1,0,12.86,15.4,8.6
2024-10-22,3,3287647.6,564174,17,61,9.7,52,0,12.73,15.4,9.2
2024-10-23,4,3075336,542322,15.3,64,18.5,63,0.1,9.78,12.1,8.3
2024-10-24,5,3063875.6,534096.2,8.1,72,5.9,57,0.4,7.74,5.7,3.2
2024-10-25,6,3295233.8,540420.9,8.4,81,8.4,70,0.5,4.68,6.1,5.3
2024-10-26,7,3788404.1,495834.9,7.5,65,17.4,12,0.1,11.77,3.1,1
2024-10-27,1,3987655.8,460382.4,6.3,63,10.9,60,0,10.22,2.5,-0.7
2024-10-28,2,3326567.1,541206.1,6.1,84,11.7,79,0.1,5.99,2.9,3.6
2024-10-29,3,3283338.3,550838.2,11.5,90,13.2,96,10.7,3.33,9.6,9.8
2024-10-30,4,3100919.4,561385.8,19,70,21.2,100,0,8.54,17.1,13.5
2024-10-31,5,3119068.1,556317.4,18.8,74,23.4,91,0.9,6.15,16.7,14
2024-11-01,6,3192017.9,535997.6,9.8,64,22.4,91,0,4.27,5.1,3.4
2024-11-02,7,3864540.5,499766.8,5.2,68,6.9,66,0,7.49,2,-0.5
2024-11-03,1,4056217.8,463987.7,5.1,80,10.2,70,0,8.94,1.8,1.8
2024-11-04,2,3247204.3,534722.2,12.2,72,15.1,100,0.4,4.26,9.4,7.2
2024-11-05,3,3041764.7,549606.4,18.3,70,19.5,82,0.6,7.43,16.3,12.7
2024-11-06,4,3054863.9,546301.6,17.1,73,17.6,86,1.9,7.41,15.2,12.1
2024-11-07,5,3043060.8,536692.7,10.2,67,12.8,38,0,9.66,7,4.2
2024-11-08,6,3239652.9,541938.8,8.8,66,18.9,45,0,6.2,4.4,2.8
2024-11-09,7,3889638.5,504528.8,3.4,67,6.8,29,0,10.58,0,-2.2
2024-11-10,1,4100077.1,467101,7.9,90,9.5,96,8,2.03,5.7,6.4
2024-11-11,2,3350175.3,537470.2,9.8,78,22.2,82,0.5,3.93,5.6,6
2024-11-12,3,3388368.9,559471.2,2.7,68,16.1,21,0,10.09,-2.2,-2.7
2024-11-13,4,3509736.7,573424.3,2.2,80,13.8,81,0,7.19,-2.1,-0.9
2024-11-14,5,3357925.4,565225.3,5.8,73,14.4,100,2.6,4.69,1.8,1.1
2024-11-15,6,3362809.6,563685.1,6.7,92,6.3,96,0.6,2.85,4.6,5.4
2024-11-16,7,3934056.1,520479,6,81,12.3,59,0,6.08,2.6,2.8
2024-11-17,1,4121505.8,481644.2,5.8,86,9.4,93,0.8,4.57,2.9,3.5
2024-11-18,2,3261011.5,545273.5,7.9,81,13.2,39,0,9.22,4.7,4.6
2024-11-19,3,3353747.6,561538.8,6.1,88,12.2,93,2.7,3.86,2.9,4.2
2024-11-20,4,3328646.2,564036.7,7.7,94,9.8,97,17.7,3.28,5.4,6.7
2024-11-21,5,3441285.4,576262.4,2.6,86,7.4,81,0.9,2.38,-0.6,0.5
2024-11-22,6,3537581.9,582392.8,4.7,88,19.6,91,1.9,1.53,0.2,2.8
2024-11-23,7,3999420.7,529289.7,4.9,83,14.7,83,0,3.04,1,2.2
2024-11-24,1,4227785,497367.3,3.6,74,14.4,71,0,4.36,-0.7,-0.7
2024-11-25,2,3646904.7,579854.4,1.7,87,8.3,100,3.5,4.1,-1.6,-0.3
2024-11-26,3,3484552.5,578728.9,4.5,78,20.2,73,1.8,4.95,-0.4,0.8
2024-11-27,4,3539511.4,586410.4,0.9,72,12,74,0,7.97,-3.5,-3.6
2024-11-28,5,3567305.7,593268.7,1.2,76,10.9,95,1,5.01,-2.9,-2.7
2024-11-29,6,3755153.2,610959,-1.1,72,21.1,87,0,4.93,-7.1,-5.6
2024-11-30,7,4431636.6,573223,-2.1,69,24.3,87,0.4,3.77,-8.6,-7
2024-12-01,1,4582488.4,530571.7,-2.1,71,18.2,79,0.1,5.8,-7.7,-6.9
2024-12-02,2,3807938.8,603552.1,-1.8,72,11.4,36,0,7.69,-6.4,-6.6
2024-12-03,3,3734016.6,609671.3,-1.6,75,11.2,55,0,7.15,-6.1,-5.7
2024-12-04,4,3908980.5,622473.7,-1.2,83,19.8,98,4.7,1.95,-6.7,-3.7
2024-12-05,5,3815123.3,626268.6,-2.2,75,21.8,84,2,5.66,-8.2,-6.1
2024-12-06,6,4013047.4,642346.8,-4.9,77,16.2,83,0.4,4.83,-10.4,-8.4
2024-12-07,7,4489215.9,583369.4,-1.4,85,18.4,95,3.3,2.74,-6.7,-3.5
2024-12-08,1,4399137.4,525590.4,2.6,83,17.4,70,0,6.15,-2.1,-0.1
2024-12-09,2,3805219.4,609102.9,1,96,9.4,100,7.8,1.84,-2.4,0.5
2024-12-10,3,3546481.8,594791.4,3.2,96,7.7,100,3.4,2.82,0.4,2.6
2024-12-11,4,3637764.2,604432.3,1.3,89,15,86,1.5,2.77,-3,-0.4
2024-12-12,5,4022682.9,646762.7,-6.7,75,27.7,54,0.6,6.78,-14,-10.4
2024-12-13,6,4087187.6,655562.9,-8.2,74,16.5,17,0,7.01,-14.1,-12.1
2024-12-14,7,4581953.1,600388.9,-5.8,64,10.6,40,0,7.37,-10.7,-11.7
2024-12-15,1,4610329.1,546441.9,-0.6,80,10.9,100,0.9,2.08,-4.8,-3.8
2024-12-16,2,3756823.3,607383.2,3.6,97,11.8,100,10.2,1.95,0.3,3.2
2024-12-17,3,3662480,611664.8,4.1,78,21.5,88,0,3.57,-1.1,0.5
2024-12-18,4,3741990.5,620797.9,1.3,81,9.6,95,0.5,2.1,-2.4,-1.6
2024-12-19,5,3838409.3,633811.9,-2.4,65,11.7,96,0.1,4.51,-7.2,-8.2
2024-12-20,6,4045584.8,643161.1,-4.2,79,13.4,100,2.5,3.4,-9.2,-7.3
2024-12-21,7,4704271.3,612015.4,-10,71,14.9,94,0,4.41,-15.7,-14.3
2024-12-22,1,4958965.1,590285.5,-14.1,64,5.8,34,0,7.98,-18.7,-19.6
2024-12-23,2,4288589.8,632410.4,-3.9,84,10.9,100,6.5,1.97,-8.3,-6.2
2024-12-24,3,4135584.2,579760.8,-0.8,90,9.4,98,1.4,4.26,-4.6,-2.2
2024-12-25,4,4271947.7,505110.4,-3.7,86,3.3,84,0,5.69,-7,-5.7
2024-12-26,5,4013310.6,541628.8,-2.8,91,6.4,98,0,3.36,-6.4,-4
2024-12-27,6,3898251.4,593440.8,0.1,93,9.8,97,0.4,6.11,-3.6,-1
2024-12-28,7,4125736.3,554384.8,4.4,96,11.8,79,0.7,3.34,1.3,3.8
2024-12-29,1,4222265.2,521334.9,4.4,98,10.7,100,22.6,0.89,1.5,4.2
2024-12-30,2,3794117.8,581035.9,3.6,87,23.4,93,2.8,2.35,-1.6,1.7
2024-12-31,3,3878772.3,561484.5,0.6,89,10.3,78,2.9,3.18,-3.2,-1
2025-01-01,4,3839138,526858.5,0.8,84,21,90,2.4,3.15,-4.6,-1.7
2025-01-02,5,3768282,645467.8,-2.2,77,23,50,0.1,7.26,-8.4,-5.6
2025-01-03,6,3843215.1,665563,-4,71,21,66,0.1,7.66,-10.2,-8.6
2025-01-04,7,4393454.7,633829.3,-5.3,76,23.7,98,2.3,4.42,-12,-8.9
2025-01-05,1,4504827.2,589088.9,-4.7,75,17.5,99,0.4,2.35,-10.4,-8.5
2025-01-06,2,3950651.6,691106.8,-8.2,72,14.9,83,0,4.82,-13.8,-12.4
2025-01-07,3,3944173.9,698027.2,-7,74,17.9,70,0.4,4.41,-12.9,-10.9
2025-01-08,4,3993703.7,709509.4,-10.3,62,17,76,0,6.19,-16.4,-16.2
2025-01-09,5,3959503.3,710447.8,-9.9,63,15.8,58,0,5.48,-15.8,-15.7
2025-01-10,6,3990567.9,709073.7,-7.2,72,9.1,98,2.1,5.81,-11.8,-11.5
2025-01-11,7,4290967.5,627610.5,-4.1,88,8.5,82,2.6,7.39,-8.2,-5.9
2025-01-12,1,4365866.1,578313.3,-2,85,11.4,97,1.2,6.08,-6.3,-4.2
2025-01-13,2,3816694.5,677832.9,-2.6,84,21.3,93,2,5.34,-8.5,-5
2025-01-14,3,3909452.9,705481.2,-8.6,75,23.3,77,0,7,-15.4,-12.3
2025-01-15,4,3956237.1,711381.2,-6.9,80,13.9,92,0.3,5.15,-12.2,-9.9
2025-01-16,5,3878874.7,706685.6,-6.7,82,16.3,96,1.3,4.51,-12.3,-9.2
2025-01-17,6,3706719,684984.3,-1.3,81,16.6,81,0.1,8.15,-6.4,-4.2
2025-01-18,7,4244768.3,633492.6,-1.3,83,17.7,93,3.6,2.38,-6.5,-3.8
2025-01-19,1,4575976.9,609831.8,-8.6,75,7.7,98,0.7,4.94,-13.1,-12.2
2025-01-20,2,4153817,725736.6,-14.3,71,17.1,93,0.5,7.13,-20.5,-18.3
2025-01-21,3,4217100.7,744482,-15.8,68,18.2,22,0,9.69,-22.2,-20.3
2025-01-22,4,4329374.3,757884.7,-15.4,72,17.3,60,0.4,7.13,-21.7,-19.3
2025-01-23,5,4054781,731525.5,-7.8,81,15.8,81,0.7,7.29,-13.4,-10.5
2025-01-24,6,3987373.4,724060.4,-9.4,77,11.5,55,0.3,8.95,-14.6,-12.8
2025-01-25,7,4521445.7,667522.6,-7.8,80,17.4,49,2.6,8.54,-13.6,-10.6
2025-01-26,1,4507321.9,602015.5,-3.5,79,21.4,74,0.3,7.89,-9.6,-6.7
2025-01-27,2,3858963.2,689989,-4.3,75,29.8,57,1.9,10.34,-11.7,-8.1
2025-01-28,3,3852044.3,698409.9,-6.1,75,18.3,86,3.7,7.77,-12,-9.9
2025-01-29,4,3806116.8,696577.4,-4.1,78,23.9,76,1.3,9.89,-10.6,-7.4
2025-01-30,5,3851353.2,708147.6,-6.5,80,11,82,0.2,6.82,-11.3,-9.4
2025-01-31,6,3771144.3,692905.6,-1.1,86,13.1,78,0.7,6.04,-5.6,-3.1
2025-02-01,7,4497115.7,672613.5,-14.2,72,11.5,36,0,11.34,-19.6,-18.1
2025-02-02,1,4667302.7,617775.2,-8.1,83,9.2,99,1.1,6.03,-12.7,-10.5
2025-02-03,2,3793704.9,681018.6,-0.7,92,9.8,99,4,3.09,-4.6,-1.9
2025-02-04,3,3749224.8,697995.9,-7,79,17.3,71,0.3,7.52,-12.7,-10.1
2025-02-05,4,3857860.7,712089.2,-9.3,79,8.6,94,0,11.33,-14,-12.4
2025-02-06,5,3833186.3,702035.4,-3.1,87,19,87,3.8,5.37,-8.6,-4.9
2025-02-07,6,3835956.8,709702.6,-7.4,78,22.7,77,0.5,8.59,-14,-10.6
2025-02-08,7,4400302.5,650568.2,-6.7,85,9.6,100,5.9,7.15,-11.2,-8.7
2025-02-09,1,4485110.3,595487.5,-4.5,83,15.7,91,2.8,7.35,-9.8,-7
2025-02-10,2,3846977.3,696357.2,-7.3,77,14.8,74,0,9.21,-12.8,-10.6
2025-02-11,3,3832573,704864.4,-8.2,78,12.6,73,0.4,9.46,-13.3,-11.3
2025-02-12,4,3941650.3,704876.6,-9.6,79,14.8,98,10,8.28,-15.2,-12.6
2025-02-13,5,3973249.5,670501.5,-5,84,17.6,87,12.7,9.73,-10.5,-7.3
2025-02-14,6,3802449.1,709098.5,-8.2,74,17.4,92,0,10.92,-14.1,-11.9
2025-02-15,7,4372917.3,636616.3,-5.7,89,10.5,100,8.9,4.47,-10.2,-7.2
2025-02-16,1,4541907.4,572383.6,-7.1,85,20,99,19.3,5.28,-13.2,-9.2
2025-02-17,2,4313053.1,604084,-10.7,71,26.7,74,0.3,10.55,-18.2,-15
2025-02-18,3,4023868.3,724569.4,-11.1,72,25.9,96,1.6,9.94,-18.5,-15.2
2025-02-19,4,3951046,723606.8,-11,74,10.9,84,0.4,14.56,-16.1,-14.7
2025-02-20,5,3916687.5,726500.8,-11.4,77,12.1,100,1,9.98,-16.7,-14.6
2025-02-21,6,3906690.3,718492,-9.9,75,13.9,81,0,13.44,-15.4,-13.5
2025-02-22,7,4309340.7,652478.6,-6.4,77,22.1,68,0.1,14.51,-12.9,-9.8
2025-02-23,1,4377938.6,589721.6,-3.3,82,14.1,90,0,12.7,-8.3,-6
2025-02-24,2,3575516,661547,0.8,80,24.7,89,0,11.78,-5.3,-2.4
2025-02-25,3,3392522.3,650619.9,2.5,85,12.7,68,0.1,12.45,-1.4,0.3
2025-02-26,4,3382518.3,649942.4,-0.8,83,7.7,61,0,13.22,-4.5,-3.3
2025-02-27,5,3457595.4,653710.6,0.8,90,11.7,92,4.9,10.65,-3.1,-0.7
2025-02-28,6,3622583.3,672138.3,-1.4,82,16,86,3.6,8.4,-6.4,-4.2
2025-03-01,7,4304625.7,644322.2,-8.1,75,24.9,89,0.2,11.91,-15,-11.8
2025-03-02,1,4666297.6,613766,-12.1,78,8.9,76,0,15.38,-16.9,-15.2
2025-03-03,2,3705655.7,672421.4,-5.1,78,14.1,58,0,15.49,-10.1,-8.3
2025-03-04,3,3527565,657969.9,0.8,80,11,94,1,7.3,-3.2,-2.3
2025-03-05,4,3431005,646210.8,3.2,93,10.9,95,12.6,9.1,-0.2,2.2
2025-03-06,5,3635083,681487.7,-2.6,83,27.2,83,0.3,6.89,-9.3,-5.1
2025-03-07,6,3617752,674965.1,-2.8,71,22.2,61,1.1,15.42,-9,-7.3
2025-03-08,7,4143564.4,623441.9,-4.8,75,19.7,41,0.1,16.87,-10.7,-8.6
2025-03-09,1,4141166,561246.7,0.8,73,20.6,18,0,17.69,-4.7,-3.5
2025-03-10,2,3265911.8,620344.7,5.6,72,13.3,22,0,17.79,1.8,0.8
2025-03-11,3,3228436.7,623544.1,3.7,70,18.2,44,0,17.74,-1.2,-1.4
2025-03-12,4,3526060.8,657353,-2.5,66,10.7,88,0,11.39,-7.2,-8.2
2025-03-13,5,3372150.2,647360.4,1.2,55,5.2,87,0,17.26,-2.4,-7.2
2025-03-14,6,3272644.6,631966.9,4.4,65,6.1,86,0,17.28,1.3,-1.9
2025-03-15,7,3720530.3,574589.8,10.1,77,17.5,97,7.1,9.81,6.7,6.2
2025-03-16,1,3775244.2,520357,9.8,85,21.2,85,11.2,8.46,6.2,7.4
2025-03-17,2,3341639.6,627674,0.5,63,11.8,52,0,18.54,-4,-6.2
2025-03-18,3,3136430.2,619361.9,5.9,66,11.6,54,0,18.68,2.2,-0.2
2025-03-19,4,2998235.5,610635.6,11.7,59,11.8,60,0,18.03,8.6,3.7
2025-03-20,5,3129841.7,612893.9,7.6,69,22.5,90,6,8.89,2.6,2.1
2025-03-21,6,3305397.4,632509.9,2.1,61,16.1,31,0,19.88,-2.8,-5.1
2025-03-22,7,3979836.9,594300.3,0.6,61,20.5,80,0.1,10.56,-5.2,-6
2025-03-23,1,4213236.9,556981.6,-3,63,10,76,1.1,19.12,-7.4,-9.3
2025-03-24,2,3528299.5,640865.2,2.4,78,21.7,96,2.6,10.2,-3,-1.1
2025-03-25,3,3462810.1,648853.9,0.5,74,17.4,87,0.2,5.98,-4.7,-3.8
2025-03-26,4,3460496.3,653260.2,-1.3,63,15.1,56,0.3,12.68,-6.5,-7.8
2025-03-27,5,3314851.3,639455.5,2.6,52,14.9,21,0,20.88,-2.3,-6.8
2025-03-28,6,3473315.9,647642.7,1.1,79,7.8,89,2.1,5.49,-2.4,-2.2
2025-03-29,7,4140887.9,605471.4,0.8,94,11.5,100,8.7,5.12,-3,-0.1
2025-03-30,1,4198574.1,549472,3.1,96,10,100,5.8,5.65,0,2.6
2025-03-31,2,3386433.7,623408.2,5.8,81,20.8,89,0,11.36,1.3,2.6
2025-04-01,3,3352560.1,636376,-0.5,57,12.8,52,0,23.15,-5.2,-8.6
2025-04-02,4,3675445.4,660930.5,-0.3,80,19.3,100,15.3,5.91,-5.7,-3.5
2025-04-03,5,3152273.7,625848.5,11.3,73,23.7,88,11.1,19.68,7.2,6
2025-04-04,6,3168311.6,616402.2,4.9,71,7,64,0,22.04,2.1,-0.1
2025-04-05,7,3840654.5,571469.5,6,82,12.3,100,5.5,4.88,2.7,3.1
2025-04-06,1,3983206.1,527727.4,2.8,52,13.9,96,0,21.41,-1.9,-6.5
2025-04-07,2,3422611.2,619407.5,0.7,64,16.2,59,0.5,16.55,-4.4,-5.7
2025-04-08,3,3578521.4,656835.4,-4.2,56,23.8,65,0,17.67,-11,-11.7
2025-04-09,4,3468091.5,644232.4,-0.3,52,10.4,69,0,15.24,-5,-9.6
2025-04-10,5,3450812.9,644794.3,0.6,81,12.1,100,3.8,6.95,-3.7,-2.5
2025-04-11,6,3476001.6,647016.2,2.2,88,13.8,100,1.3,7.64,-1.9,0.4
2025-04-12,7,3768889,574376,4.8,77,9,67,0.1,15.56,1.5,0.8
2025-04-13,1,3720194.6,514526.1,6.8,61,7.2,54,0,24.35,3.8,-1.2
2025-04-14,2,3019643.2,590716.6,10.7,63,12.9,74,1.2,19.02,7.5,3.6
2025-04-15,3,3155279.3,603934.3,4.9,67,24.2,68,0.8,15.58,-0.8,-0.8
2025-04-16,4,3393343.3,634906.7,2,67,21.9,78,0,14.82,-3.8,-3.5
2025-04-17,5,3123795.7,617693.3,5.2,58,8.8,23,0,25.85,1.8,-2.8
2025-04-18,6,3378778.8,516601,11.6,67,11.3,88,0.9,13.9,9.1,5.6
2025-04-19,7,3399813.4,540535.2,13.8,77,20.7,95,0.3,12.59,11,9.8
2025-04-20,1,3669035.8,491678.9,5.6,67,10.5,75,0,25.71,2.3,-0.2
2025-04-21,2,3260237,580974.9,9.3,71,15.5,70,1.3,13.78,5.9,4.2
2025-04-22,3,3002901,594722.9,8.4,63,17.8,42,0,21.77,4.1,1.5
2025-04-23,4,2952070.1,593365.5,8.9,69,5,72,0,23.14,6.9,3.3
2025-04-24,5,2924610.7,607931.3,14.8,64,6.9,43,0,22.38,13.7,7.8
2025-04-25,6,2918919,591160,11.9,78,9.2,98,0.5,17.18,10.1,8
2025-04-26,7,3542527,538332.9,8,79,21.4,96,2.8,12.46,3.6,4.5
2025-04-27,1,3632374.2,496088,9.9,51,14.9,6,0,27.45,5.9,-0.4
2025-04-28,2,2960036.5,583325.1,11.5,55,9.6,34,0,25.96,8.7,2.2
2025-04-29,3,2970835.2,601508,15.8,66,24.9,79,3.3,18,12.5,9.3
2025-04-30,4,2967324.8,584244.5,6.4,71,7.7,62,0,26,3.9,1.4
2025-05-01,5,3097719.9,585761.4,7.1,80,7.4,89,16.7,7.63,4.6,3.8
2025-05-02,6,2973440.1,588006.6,13.3,79,18.6,83,0.5,19.13,10.6,9.5
2025-05-03,7,3533575.6,530555,8.2,77,10.3,100,0.3,10.08,5.4,4.4
2025-05-04,1,3601389.1,483977.8,9.5,74,13,91,1,15.17,6.5,4.9
2025-05-05,2,2991545.2,571353.9,12.7,80,14.4,94,18.8,11.21,10.5,9.3
2025-05-06,3,2888951.7,584538.4,14.1,80,11.4,77,5.6,21.6,12.8,10.3
2025-05-07,4,2972615.3,599915.2,14.6,73,14.7,33,0.4,23.75,12.7,9.7
2025-05-08,5,2934801.5,576870.3,7.3,71,13.8,68,0,15.59,3.5,2.3
2025-05-09,6,2969967.6,584503.6,9.4,55,13.9,0,0,28.68,5.7,0.1
2025-05-10,7,3443502,545058.9,12.9,49,14.1,5,0,28.12,9.6,2.2
2025-05-11,1,3496662.4,481709.7,9.4,45,10.6,0,0,29.31,5.8,-3.2
2025-05-12,2,3106316.1,594983.1,16,47,4,46,0,28.04,14.8,4.4
2025-05-13,3,3167370.9,604252.3,17.2,66,9.9,100,2.4,18.06,16.2,10.4
2025-05-14,4,3157619.8,601640.1,16.3,85,13.7,82,3.4,16.95,15.6,13.5
2025-05-15,5,3471820.2,632972,17.4,81,7.5,51,0.6,25.36,17.8,13.7
2025-05-16,6,3963971.5,649087.1,20,65,10.9,53,0.9,26.85,19.4,11.6
2025-05-17,7,3804171.5,538657.2,15.6,74,17.5,86,8.3,15.85,13.4,10.7
2025-05-18,1,3390693.2,478431.6,12.9,70,19.1,85,0,22.21,9.8,7.3
2025-05-19,2,3324444,458728,9.2,59,15.4,41,0,24.93,5.4,1.2
2025-05-20,3,2934896.1,567771.6,9.6,54,12.1,49,0,29.08,6.3,0.1
2025-05-21,4,3084280.7,574382,9.1,84,17.9,100,12.7,5.45,5.6,6.4
2025-05-22,5,3124879.8,583945.5,8.9,98,11.3,100,19.9,4.64,6.8,8.5
2025-05-23,6,3076223.9,578504.9,9.1,80,20.2,99,1.8,8.99,5.1,5.7
2025-05-24,7,3502757.1,521535.3,10.3,76,17.5,68,0.9,18.13,6.8,6.1
2025-05-25,1,3628858.8,479241.4,11.2,75,12.7,25,6.8,21.4,8.6,6.8
2025-05-26,2,3084846.1,581926,14.2,67,8,9,0.1,26.86,12.8,7.8
2025-05-27,3,3096571.1,592180.4,15.5,60,7.6,79,0,23.8,14,7.5
2025-05-28,4,2979472.5,570559.3,12.6,81,12.1,88,3.9,14.11,10.7,9.3
2025-05-29,5,2937604,579003.7,15,81,13.6,90,2.2,17.21,13.4,11.5
2025-05-30,6,3160030.2,607932.4,16.5,69,14.5,79,0.2,20.11,14.7,10.5
2025-05-31,7,3487276,518612.6,9.9,68,22.9,72,0,17.47,5.2,4.1
2025-06-01,1,3613408.2,473303.2,10.8,60,17.5,36,0.1,20.57,6.8,3.1
2025-06-02,2,3077155.7,584495.4,14.9,48,14.5,15,0,30.33,11.8,3.4
2025-06-03,3,3619823,628478,21.1,47,16.2,21,0,29.88,19,9
2025-06-04,4,4641067.5,684219,24.2,55,18.2,58,1.4,26.68,23.3,14.2
2025-06-05,5,3795654.2,618176.5,17.1,83,9.2,77,19,14.36,17.1,14.1
2025-06-06,6,3835024.9,630572.5,18,63,11,75,0,21.36,16.8,10.8
2025-06-07,7,4599829.2,587123.1,18.5,55,14.6,45,0,28.16,16.6,9
2025-06-08,1,4286812,515512.7,16.7,65,9.8,62,0,23.77,15.4,9.7
2025-06-09,2,3788235.8,612090.3,17.6,81,10.8,70,2.4,14.44,17.4,14.2
2025-06-10,3,3465094.5,603340.4,16.6,68,16.8,30,1.1,22.07,14.3,10.2
2025-06-11,4,4085721.9,660282.8,19.8,68,15.5,15,0.1,28.07,18.8,13
2025-06-12,5,3879583,637209,18.7,47,12.6,61,0.1,27.01,16.5,6.7
2025-06-13,6,3402072.3,613384.6,15.6,55,11.5,88,0,21.99,13.2,6.3
2025-06-14,7,4190038.1,573613.8,17.5,53,10.7,51,0,25.68,15.6,7.3
2025-06-15,1,4622629.9,539244,19.7,44,8.6,74,0,26.07,17.9,6.6
2025-06-16,2,4562088.4,658808.9,20.7,50,6.7,69,0,24.91,20.1,9.5
2025-06-17,3,4893685.8,683277,21.7,74,9.8,90,0.3,22.29,22.7,16.6
2025-06-18,4,5306377,704292.6,23.3,79,6.2,89,6.3,18.96,25.9,19.1
2025-06-19,5,4166724.3,651041.7,20.3,78,24.3,73,4.8,20.19,19.1,16.2
2025-06-20,6,4342574.1,664392.1,19.6,72,13.5,33,0.1,24.62,19.2,14
2025-06-21,7,5725750.7,642295.3,23,75,15.5,69,0.3,21.11,23.7,18
2025-06-22,1,8561116.8,706870.9,28.4,73,17,54,2.8,21.01,31.4,22.8
2025-06-23,2,8781033.6,854498,30,61,17.8,2,0,28.86,32.1,20.9
2025-06-24,3,8572551.8,864663.4,29.3,57,14.6,59,0.9,26.36,31.1,19.6
2025-06-25,4,7199222.1,796836.1,26.4,51,8.6,52,0.4,23.19,27,14.6
2025-06-26,5,4273699.1,654528.7,20.2,61,13.1,96,0.1,13.91,18.9,12.1
2025-06-27,6,4480320.7,680955.9,20.7,81,13,73,5.8,21.95,21.7,17.2
2025-06-28,7,5765103.4,644557.2,21.9,74,16.1,41,0.9,24.13,22.1,16.7
2025-06-29,1,5915016.1,598394.8,21.8,63,7.1,4,0,29.34,22.5,13.7
2025-06-30,2,5508100.4,677657.5,23,76,8.7,52,2.3,17.53,24.9,18.2
2025-07-01,3,6218374.7,612768.9,23.6,74,13.5,60,0.2,23.51,24.9,18.3
2025-07-02,4,6074660.9,741076.9,23.1,62,13.6,20,0.7,26.73,23.1,14.9
2025-07-03,5,5375136.8,706571.5,20.6,59,13.3,27,1.7,28.13,19.6,11.5
2025-07-04,6,5074261.7,703247.4,20.5,52,7.4,19,0,29.87,19.8,9.5
2025-07-05,7,6860971.5,707892.8,25.4,57,9.1,35,0.9,26.29,26.6,15.9
2025-07-06,1,8358493.8,698151.5,28.3,54,16.3,47,0,25.69,28.8,17.2
2025-07-07,2,6992658.8,772794.3,25.1,65,14.2,68,0.1,24.54,26.2,17.8
2025-07-08,3,5319096.4,710032.6,22,70,7.1,71,0.1,13.01,23,16
2025-07-09,4,5212043.1,709341.6,21.8,72,6.8,76,2.1,17.22,23.1,16.4
2025-07-10,5,5584418.7,726525.9,23.3,73,5.1,25,3.4,24.12,25.6,17.7
2025-07-11,6,6412840.5,762272.1,24.8,61,6.9,70,0,23.93,26,15.9
2025-07-12,7,8062434.5,756517.7,27.2,67,14.1,64,3,26.43,29.3,19.9
2025-07-13,1,7810643.5,667827.3,26.5,60,11.9,24,0,24.79,27.8,17.4
2025-07-14,2,6811913.2,762564.4,25.5,53,7.8,39,0,27.4,26.1,13.9
2025-07-15,3,7047105.7,794510.9,26.4,50,6.8,2,0,28.25,27.2,13.8
2025-07-16,4,7234431.9,811025.1,26.6,56,9.4,30,3.3,26.15,27.9,16.4
2025-07-17,5,6049956,749037.5,22.4,75,21.2,68,0.7,22.18,22.4,17.5
2025-07-18,6,4522819.9,670625.6,18.8,51,7.9,0,0,29.24,17.6,7.7
2025-07-19,7,5368176.7,633186.5,22.1,49,6.8,67,0.2,24.41,21.5,10.1
2025-07-20,1,6292266.3,601789.2,22.3,70,13.3,30,0.3,24.97,22.9,16.3
2025-07-21,2,4673444.8,652333.6,18.4,60,13.6,23,0,27.1,16.8,9.9
2025-07-22,3,4558292,661827.5,19,62,7.3,25,0,25.44,18.5,10.9
2025-07-23,4,5429168.9,711288.7,22.4,61,7.2,29,0,27.83,23,13.6
2025-07-24,5,6833583.7,796863.4,26.8,64,16.3,65,2.3,24.93,28,18.8
2025-07-25,6,6646816.8,772524.9,25.2,66,10.8,75,0.6,21.55,26.6,17.6
2025-07-26,7,6601338.5,684618,23.2,76,8.1,95,6.5,17.64,25.3,18.5
2025-07-27,1,7742420,672045.6,25.5,73,13.3,28,0.6,25.26,27.5,19.6
2025-07-28,2,7529140.5,799759.3,26.5,62,10.1,22,0,26.48,28.2,17.7
2025-07-29,3,7463705.5,799977.6,26.6,56,7.9,25,0,27.01,28,15.9
2025-07-30,4,6313484.9,758379.1,24.2,57,11.4,86,1.2,23.02,24.5,14.8
2025-07-31,5,4466668.3,663308.3,19.3,64,9.4,73,4.6,16.96,18.6,11.9
2025-08-01,6,4326491.5,801548.1,18.5,56,11.5,10,0,26.2,16.9,8.7
2025-08-02,7,5035581.6,738468.8,20.5,51,9.5,16,0,24.19,19.2,8.9
2025-08-03,1,5656894.3,704047.2,22.4,55,10.4,10,0,24.87,22,12.5
2025-08-04,2,5995282.4,726317.3,23.5,51,6.9,45,0,25.19,23.5,11.8
2025-08-05,3,5948859.2,884710.9,23.2,66,10.2,52,0,24.8,24.1,15.8
2025-08-06,4,5781097.8,886364.9,23.6,64,9.6,42,0,22.65,24.4,16
2025-08-07,5,5916321.4,901231,23.3,66,9,61,0,24.46,24.4,15.9
2025-08-08,6,6044245.2,913550.2,24.6,65,8.8,51,0.3,22.44,26.1,17.1
2025-08-09,7,7347466.9,864661,25.8,63,9.1,35,0.1,23.85,27.6,17.9
2025-08-10,1,8098324.1,823037.4,27.2,58,10.9,54,0,24.3,28.5,17.4
2025-08-11,2,7623424.1,977455.2,27,56,10.1,15,0,23.69,28.3,17.1
2025-08-12,3,7227261,975789,26.2,71,9.2,48,7.5,19.75,29,20.2
2025-08-13,4,6338941.8,923059.7,23.7,73,10.2,64,1.3,21.97,25.5,18.3
2025-08-14,5,5701511,892768.2,22.2,69,8.1,15,0,21.96,23.3,15.9
2025-08-15,6,6090535.8,914541.8,22.8,66,6.9,14,0,24.02,23.9,15.4
2025-08-16,7,7049185.3,852098.4,25.1,58,6,38,0,24.24,26.5,15.6
2025-08-17,1,5948223.8,708257.2,21.8,73,14,65,4,18.92,22.3,16.6
2025-08-18,2,4119240.3,764298.7,16.5,62,10.9,55,0,25.14,15.1,9.2
2025-08-19,3,3584882.7,753204.3,17.7,83,9.3,100,25.9,4.65,18,14.8
2025-08-20,4,3639283,760105.9,18.8,88,14,93,5.7,10.56,19.1,16.7
2025-08-21,5,4333211.3,805915.9,18.2,82,9.6,12,0,22.29,18.6,14.8
2025-08-22,6,5038425.9,847328.5,20.4,70,7.2,31,0,23.33,21,14.2
2025-08-23,7,5198392.8,747953,20.8,75,11.8,98,0.4,9.93,21.2,16.2
2025-08-24,1,5268694.6,670451.8,19.3,71,11.2,14,0.7,21.47,18.9,13.3
2025-08-25,2,3748452.5,737211.2,16.4,67,16.5,26,0.2,21.41,14.1,9.9
2025-08-26,3,3272618.1,720521.8,14.8,70,15.1,31,1,18.97,12.4,9.1
2025-08-27,4,3435397.3,744893.6,15.8,61,12.1,44,0,22.16,13.8,7.9
2025-08-28,5,3130785.1,715499,15,78,14.1,72,8.1,7.21,13.4,11.2
2025-08-29,6,3043099.5,700187.7,12.8,66,13.6,29,0,18.73,9.9,6.2
2025-08-30,7,3571918.7,643881.4,15,63,10.6,38,0,20.82,13,7.3
2025-08-31,1,3914134.3,612783.4,15.8,67,5.9,1,0,22.72,15.1,9.2
2025-09-01,2,4349789.6,518532.2,17.6,64,7.1,2,0,22.95,16.9,10.2
2025-09-02,3,3909606.9,640014,18.4,70,5.7,47,1.1,20.15,18.5,12.4
2025-09-03,4,4025488.6,653399.2,19.8,64,11.6,42,0.6,20.28,18.9,11.9
2025-09-04,5,3406433,600904.5,15.2,73,11,63,10.7,13.71,13.7,10
2025-09-05,6,3142662.4,600076.5,15.7,67,19.2,41,0.2,17.67,12.9,9.4
2025-09-06,7,3491329.9,531634.6,14.2,62,12.3,73,0,17.43,11.7,6.7
2025-09-07,1,3670375.6,480752.1,13.3,66,15.1,31,0.1,18.87,10.3,6.5
2025-09-08,2,3087923.2,576725.2,13.2,68,7,8,0,20.83,11.6,6.9
2025-09-09,3,3102038.2,591700.9,14.6,73,6.4,41,0,20.56,13.8,9.6
2025-09-10,4,3403086.3,621476.3,17.2,76,5.2,83,0,18.81,17.5,12.5
2025-09-11,5,3781529.2,644010.6,18,65,10,10,0,20.12,17.1,11
2025-09-12,6,3757555.8,643455.6,17.4,76,6.3,26,0,18.61,17.5,12.8
2025-09-13,7,4143314.5,575896.9,19.3,70,7.7,62,0.3,13.62,19.2,13.3
2025-09-14,1,4918371.2,552943,19.4,71,9,10,0.1,18.35,19.4,13.7
2025-09-15,2,4110474,637466.9,18,73,6.6,11,0,20.06,18.1,12.8
2025-09-16,3,3968700.3,643594.5,17.9,68,6.3,11,0,20.1,17.7,11.5
2025-09-17,4,4014012.4,651788.8,18.5,65,5.3,1,0,20.06,18.4,11.3
2025-09-18,5,4175663.3,674340.1,19.5,70,10.8,37,1.4,16.83,19.2,13.6
2025-09-19,6,3750364.5,770332.1,16.2,66,12.1,14,0,19.48,14.4,9
2025-09-20,7,3652997.8,646213.3,13.8,56,11.9,25,0,17.52,11,4.7
2025-09-21,1,4153135.1,624060.9,17.9,75,9.8,66,3.2,17.62,17.7,13.1
2025-09-22,2,3815146.1,757864,19.9,87,10.4,97,1.4,8.34,21.1,17.6
2025-09-23,3,4124968.6,785603.9,19.8,87,6.1,87,6.6,14.62,21.7,17.4
2025-09-24,4,3598414.3,754915.2,18,93,8.4,100,12.2,6.33,19.1,16.9
2025-09-25,5,3492335.8,751984.2,17.7,93,7,74,1.9,6.56,18.9,16.5
2025-09-26,6,3808451.3,772398.7,17.9,79,10.2,25,0,15.35,17.8,13.9
2025-09-27,7,4487941.4,707764.7,19.1,79,8.9,48,0.2,14.9,19.5,14.9
2025-09-28,1,4606398.9,631095.6,18.3,66,9.8,1,0,17.97,17.5,11.3
2025-09-29,2,3687337,751000.6,16.9,62,5.5,0,0,17.82,16,8.9
2025-09-30,3,3583108.3,748069.2,16.2,69,9.7,0,0,17.21,15.1,10.4
2025-10-01,4,3091498.9,717145,12.4,63,7.8,37,0,17.65,10.2,5.2
2025-10-02,5,2988715.4,714694.5,12.1,76,5.5,60,0,16.48,10.7,7.5
2025-10-03,6,3286422.6,753663.8,15.9,65,5.7,1,0,16.91,14.8,8.6
2025-10-04,7,4572421.4,724097.3,20.3,59,9.9,24,0,16.05,19.5,11.8
2025-10-05,1,5086954.5,671550,20.8,61,10.4,10,0,15.69,20.3,12.7
2025-10-06,2,4276401.4,794134.4,20.8,60,13.9,32,0,13.98,19.6,12.4
2025-10-07,3,3395942.2,738333.7,17.9,80,14.2,89,5.1,6.67,17.2,14.2
2025-10-08,4,2915582.1,692174.7,11,60,16.1,11,0,15.65,7.2,3.2
2025-10-09,5,2900778.3,688604.3,7,64,7.3,0,0,16.19,3.9,0.1
2025-10-10,6,2986573.2,695648.3,9.9,69,8.4,55,8.4,14.91,7.3,4.1
2025-10-11,7,3412337.5,627378.3,12,85,7.4,59,4.1,10.24,10.7,9.3
2025-10-12,1,3455930.6,570935.6,12.9,84,11.4,28,0.4,10.66,11.3,10.2
2025-10-13,2,3393302.6,552419.4,12.7,81,7.5,27,0,10.5,11.5,9.4
2025-10-14,3,2915528.9,705096,13.5,78,9.5,41,0,11.73,12.1,9.6
2025-10-15,4,2885228.8,693776.8,9.9,64,12.7,55,0.6,11.28,6.6,3.3
2025-10-16,5,2950810.3,705514.8,7.9,63,10.8,12,0,14.72,4.4,0.7
2025-10-17,6,3083875.8,707301.9,8.1,79,5.9,83,2.4,3.43,6,4.6
2025-10-18,7,3448529.2,656301.5,15.5,75,11.2,83,0.1,13.09,14.2,10.9
2025-10-19,1,3673613.4,599581.7,17.1,84,18.1,99,12.9,4.99,15.9,14.3
2025-10-20,2,3008055.5,685438.8,10.8,74,17.7,47,5.5,11.87,7.2,5.8
2025-10-21,3,3005258.9,692023.7,9.1,79,10.3,44,2.2,8.6,6.6,5.5
2025-10-22,4,3051271.9,704205.1,7.6,83,12.5,61,5.3,8.41,4.5,4.7
2025-10-23,5,3069199.9,712814.8,8,80,14.5,67,3.9,8.83,4.6,4.6
2025-10-24,6,3124341.5,710751.3,7,75,12.7,48,0,9.15,3.5,2.7
2025-10-25,7,3627720.6,648428.9,6.2,80,10.7,53,0.1,7.22,3,2.8
2025-10-26,1,3833716,596830.4,2.8,75,8.5,0,0,13.05,-0.8,-1.5
2025-10-27,2,3247121.4,721555.9,3.9,75,10.5,35,0,8.58,0.2,-0.2
2025-10-28,3,3184897.3,728719.3,6,78,13.4,38,0.4,8.85,2.4,2.4
2025-10-29,4,3129839.4,731169.1,5.6,76,9.9,29,0,11.37,2.3,1.7
2025-10-30,5,3232284,742814.6,5.7,90,17.8,100,12.2,2.36,1.7,4.1
2025-10-31,6,3287552.6,743359.3,6,76,23.1,87,5.1,5.35,0.8,1.8
2025-11-01,7,3735885.8,678728.7,5.3,71,11.8,59,0,6.33,1.6,0.4
2025-11-02,1,3894683,621017.7,4.2,79,7.6,13,0,10.94,1.1,0.8
2025-11-03,2,3269481.9,728657,7.2,70,20.9,64,2.4,5.02,2.4,1.9
2025-11-04,3,3124161.5,731534.6,7.5,61,16.3,35,0,11.13,3,0.3
2025-11-05,4,3179290.3,744967.3,7.5,75,17.1,82,0.6,4.22,3.4,3.4
2025-11-06,5,3265437.3,761047.1,3.5,68,13.8,42,0,6.92,-0.9,-2
2025-11-07,6,3300361.6,762152.5,6.7,82,17,88,3.7,3.81,2.8,3.7
2025-11-08,7,3757850.2,691243.8,3.6,71,12.2,59,0,7.41,-0.5,-1.2
2025-11-09,1,4298895.1,655115.7,-1.7,85,17.4,100,9.8,2.45,-6.9,-3.8
2025-11-10,2,3689063.7,799346.4,-4,82,13.9,100,2.2,7.11,-8.9,-6.5
2025-11-11,3,3560217.3,797265,-0.9,83,16.6,87,0.7,8.99,-5.9,-3.4
2025-11-12,4,3451200.1,794651.4,2.5,86,19.7,91,0.4,6.32,-2.5,0.3
2025-11-13,5,3372378.5,790125.9,3.3,77,19.6,36,0.3,8.59,-1.7,-0.4
2025-11-14,6,3387262.3,784082.1,3.3,78,9.3,66,0,6.93,-0.2,-0.3
2025-11-15,7,3929688.7,715871.9,5,91,12.7,99,3.8,3.42,1.7,3.6
2025-11-16,1,4145667.4,659381.5,2.6,63,24.7,45,0,7.84,-3.5,-3.9
2025-11-17,2,3551631.9,793151.2,0.5,62,18.6,46,0,7.47,-5.1,-6.1
2025-11-18,3,3379387.1,782912.4,1.4,70,8.8,85,0,8.05,-2.5,-3.6
2025-11-19,4,3404456.7,792345.2,0.4,72,5.9,41,0,9.14,-3.2,-4.5
2025-11-20,5,3349195.9,786714.7,1.1,75,5,54,0,8.98,-2.1,-3
2025-11-21,6,3297032.7,776229.1,4.8,86,12.4,88,0.4,4.56,1.3,2.5
2025-11-22,7,3890404.3,710697.4,1.9,76,9.1,78,0,5.37,-1.8,-2.1
2025-11-23,1,4025594,651377.4,4,77,17.6,64,2.1,7.21,-0.6,0.4
2025-11-24,2,3373740.4,770823.4,3.3,78,10.6,61,0,7.8,-0.3,-0.2
2025-11-25,3,3286581,772410.5,5.6,86,6.2,100,4.8,2.74,3.1,3.3
2025-11-26,4,3316301,781200.3,5.9,82,18.6,76,0.6,5.17,1.8,2.9
2025-11-27,5,3559356,816867.1,0.2,75,27.5,87,1.5,6.27,-6.5,-3.8
2025-11-28,6,3619777,823199.3,-1.8,79,23,64,0,7.17,-7.9,-4.9
2025-11-29,7,4165973.5,755845.1,-2.2,82,9.8,99,0.2,4.44,-6.4,-4.9
2025-11-30,1,4347040.2,686740.7,0,89,22.2,91,10.6,3.05,-5.5,-1.5
