Date,Day of the week,Total Residential Consumption,Total CI Consumption,temperature_2m_mean (°C),relative_humidity_2m_mean (%),wind_speed_10m_mean (km/h),cloud_cover_mean (%),precipitation_sum (mm),shortwave_radiation_sum (MJ/m²),apparent_temperature_mean (°C),dew_point_2m_mean (°C)
2023-01-01,1,16830137.6,2971244,1.7,88,8.6,96,1.1,2.46,-1.7,-0.1
2023-01-02,2,16449402.1,3175118.3,0.7,88,8,88,0.4,4.02,-2.7,-1.1
2023-01-03,3,16267284.3,3499136.8,-0.5,90,5.7,99,0,2.68,-3.8,-2
2023-01-04,4,16480418.8,3575265.6,1,86,10.8,100,13.8,1.57,-2.8,-1
2023-01-05,5,16961464.1,3660340.4,-1.5,90,9.7,100,8.1,1.82,-5.5,-2.9
2023-01-06,6,16622833,3618895,0,93,5.7,99,3.8,1.9,-3.1,-1
2023-01-07,7,18332965.9,3512956.1,-6.7,78,11.2,44,0,6.36,-11.6,-9.9
2023-01-08,1,19752932.1,3538713.5,-8.9,77,8.2,49,0,7.28,-13.5,-12.4
2023-01-09,2,17826512.4,3804110.8,-2.8,83,12.7,97,1,1.96,-7.5,-5.3
2023-01-10,3,18027658,3937194.6,-9,72,9.3,53,0,5.97,-13.8,-13.1
2023-01-11,4,19139424.2,4102315.6,-11.3,75,10,98,0.1,6.87,-16.3,-14.9
2023-01-12,5,18149992.5,3965681.3,-3.8,88,14.1,100,10.3,0.95,-8.7,-5.5
2023-01-13,6,18204046.2,3863091,-3.5,81,16.5,98,16.5,1.44,-8.8,-6.4
2023-01-14,7,19711249.9,3757081.2,-11,74,9.9,6,0,7.98,-16,-14.8
2023-01-15,1,20717559.8,3723395.3,-12.2,71,6.9,0,0,8.23,-16.9,-16.7
2023-01-16,2,18921485.3,4010612.1,-10.6,70,7,4,0,8.38,-15.2,-15.2
2023-01-17,3,18260385.5,3949632.4,-7.9,78,3.9,84,2.7,3.88,-11.8,-11.2
2023-01-18,4,16883733.4,3792779.3,-1.1,84,7.9,70,0.9,3.05,-4.9,-3.6
2023-01-19,5,17413705.8,3852624.4,-3.4,82,13.6,91,6.8,3.84,-8.2,-6
2023-01-20,6,17334388.8,3808458,-2.3,85,11.4,95,4.8,1.68,-6.7,-4.5
2023-01-21,7,17956487.3,3517852.3,-4.4,82,7.1,94,0,7.29,-8.4,-7
2023-01-22,1,18192216.4,3374450.3,-2.3,91,6.6,100,3.2,2.61,-5.8,-3.6
2023-01-23,2,16839838.3,3705184,-2,84,9.1,92,0,6.02,-6,-4.4
2023-01-24,3,16837723.4,3771594.1,-1.9,78,13.6,81,2,4.33,-6.7,-5.3
2023-01-25,4,18390182.6,3995810.7,-10,80,13.7,89,8.5,3.72,-15.4,-12.8
2023-01-26,5,18246510.9,3906072.6,-6,80,14.8,80,7.8,4.78,-11.3,-9
2023-01-27,6,18091322.4,3949789,-8.5,81,7.4,83,0.7,4.63,-12.9,-11.2
2023-01-28,7,18111559.1,3564856.5,-1.7,71,16.7,81,0.9,7.99,-7.1,-6.5
2023-01-29,1,19388273.7,3552564.6,-7.6,85,10.5,85,10.7,1.68,-12.3,-9.7
2023-01-30,2,18933091.1,4031975.4,-11.4,79,5.2,85,1.6,5.09,-15.7,-14.3
2023-01-31,3,18737483.5,4107481.9,-12.6,67,7.6,0,0,10.45,-17.4,-17.7
2023-02-01,4,19813930,4247539.1,-13,75,7.1,59,0.1,9.34,-17.7,-16.5
2023-02-02,5,18786491.7,4116825.1,-5.8,75,18.7,86,1.5,5.45,-11.7,-9.7
2023-02-03,6,23239637.7,4662558.3,-24.4,53,19.4,54,0,11.15,-31.3,-31.4
2023-02-04,7,25328095.2,4518757.6,-24.9,60,8.7,71,1,8.91,-30.2,-30.6
2023-02-05,1,21427867.4,3946223.7,-9.6,74,5.2,100,1.9,4.3,-13.8,-13.4
2023-02-06,2,17999135.1,4017706.3,-8,76,9.4,31,0.1,11.07,-12.7,-11.6
2023-02-07,3,18726223.4,4114150.7,-6.3,75,11.2,71,1.2,6.8,-11.1,-10.2
2023-02-08,4,16233513.2,3775693.4,1.2,76,12.1,56,0.2,8.32,-3,-2.7
2023-02-09,5,17337218.3,3874994.7,-2,92,11.3,93,20.5,2.63,-6.2,-3.1
2023-02-10,6,16663733.2,3772892.4,2.2,81,17.3,99,4.5,5.52,-2.5,-0.8
2023-02-11,7,17814992,3566939,-4,71,13.8,33,0.2,12.01,-9.1,-8.5
2023-02-12,1,17521040.4,3351484.7,-1.4,78,7.6,11,0,11.67,-5.3,-4.8
2023-02-13,2,16168139.8,3647151.5,-0.9,78,7.9,65,0.1,10.93,-4.7,-4.4
2023-02-14,3,15191880.7,3585417.6,0.7,79,9.1,41,0,11.87,-3.1,-2.6
2023-02-15,4,15521226.2,3593657.9,4.2,76,14.2,97,5.5,4.59,0.1,0.1
2023-02-16,5,15893106.6,3668792.5,0.8,72,13,94,2.1,10.2,-3.7,-3.7
2023-02-17,6,17909282.8,3881503.2,-7.6,75,13.9,66,12.9,4.94,-13,-11.3
2023-02-18,7,19367415.3,3698469.4,-7.4,73,11.5,80,0,8.6,-12.4,-11.7
2023-02-19,1,17309570.7,3325303.6,0.5,72,12.1,91,0,8.28,-4,-4.4
2023-02-20,2,16842627.7,3225484,-0.4,72,13.4,67,0.5,11.1,-5.1,-5
2023-02-21,3,17892631.1,3967200.1,-10.1,77,10.6,74,1.5,7.4,-15.2,-13.5
2023-02-22,4,18470094.3,4076840,-10.7,64,9.2,92,0.5,11.23,-15.7,-16.4
2023-02-23,5,19729449.7,4180971,-10.3,74,13.3,100,8.5,4.69,-15.8,-14.1
2023-02-24,6,19375612.2,4218737.5,-13.8,67,11.5,37,0.1,13.83,-19.2,-19
2023-02-25,7,21703563.2,4080355,-17.4,72,5.7,73,0.7,8.92,-22.1,-21.4
2023-02-26,1,20096935.6,3723403.6,-10.4,76,9.3,82,3.9,9.04,-15.2,-14
2023-02-27,2,18468256,4012705.7,-7.8,70,10.9,62,0,12.89,-12.9,-12.6
2023-02-28,3,18099973.3,3946559.6,-4.3,83,14.9,90,12.1,2.51,-9.4,-6.8
2023-03-01,4,16868498.3,3828445.2,-2.1,81,8.3,86,0.2,10.08,-6.1,-5.1
2023-03-02,5,16366473,3762039.7,-0.5,80,12.6,83,2.4,5.99,-5,-3.7
2023-03-03,6,17237457.5,3856182.4,-6.3,68,9.4,57,0,15.68,-11,-11.5
2023-03-04,7,17968893,3495099.1,-2.5,85,11.5,95,19.7,3.82,-6.9,-4.7
2023-03-05,1,16929832.7,3250463.9,-0.4,80,6.1,65,0,13.34,-3.9,-3.6
2023-03-06,2,15814298.6,3605000.5,-1,66,13.4,40,0,16.83,-5.8,-7
2023-03-07,3,16836919.2,3801801.4,-5.2,69,18.4,91,0.4,7.1,-11.1,-10.1
2023-03-08,4,16524965.4,3774535.9,-3.7,68,14.1,82,0,14.16,-8.9,-8.9
2023-03-09,5,16070219.8,3710401.4,-2.5,72,11.3,79,0.1,12.75,-7.1,-6.9
2023-03-10,6,16724501.5,3728719.5,-2.9,74,8.4,88,0,14.88,-7.1,-7.2
2023-03-11,7,17048519.5,3403208.8,-2.3,74,10.9,63,0,16.04,-6.8,-6.6
2023-03-12,1,17205170,3278363.9,-2.5,73,6.9,62,0,16.04,-6.5,-7.1
2023-03-13,2,16095377.6,3582426.7,0.2,90,7.1,100,5.2,4.44,-3.2,-1.3
2023-03-14,3,16257813.2,3660784.8,1.1,84,15.1,100,5.8,4.81,-3.4,-1.3
2023-03-15,4,16077628.2,3686070.9,-1.7,62,18.3,50,0,18.77,-7.3,-8.3
2023-03-16,5,15557496.2,3590092,-0.2,81,7.4,100,1.8,5.41,-3.8,-3.1
2023-03-17,6,15836906.5,3559735.1,2.2,88,11.9,90,9.9,2.16,-1.6,0.4
2023-03-18,7,16696624.3,3339997.4,-0.6,72,13.7,67,0.7,11.52,-5.4,-5.4
2023-03-19,1,18360390.7,3402817,-7,65,16.7,82,0.3,18.5,-12.7,-12.7
2023-03-20,2,15981199.7,3587846.3,-0.2,68,14.1,53,0,14.81,-5,-5.8
2023-03-21,3,14944832,3505907.8,0,76,8.3,83,0.5,15.7,-3.8,-4.1
2023-03-22,4,15525158.7,3587416.2,-1.1,69,12.1,78,0.6,17.63,-5.7,-6.6
2023-03-23,5,15713108.6,3579148.7,2,83,7.9,71,9.3,7.65,-1.4,-0.6
2023-03-24,6,15044293.7,3477455.5,-0.7,72,10.4,63,0,19.81,-4.9,-5.5
2023-03-25,7,17502601.6,3350222.5,-1.5,84,16,100,10.7,4.8,-6.5,-4
2023-03-26,1,16804287,3142205.4,2.6,75,17.7,87,1.9,7.74,-2.3,-1.5
2023-03-27,2,15217340.5,3423422.1,1.3,72,7.7,59,0,17.48,-2.3,-3.7
2023-03-28,3,14947019.4,3465117.2,-0.8,74,8.1,48,0,18.65,-4.7,-5.3
2023-03-29,4,15753531.1,3560614.2,-0.5,76,15.2,76,3.1,15.04,-5.3,-4.6
2023-03-30,5,16224136.2,3670469.6,-4.6,64,14.1,22,0,21.66,-9.7,-10.8
2023-03-31,6,16502436.8,3618534.2,-1.9,81,9.7,87,6.1,8.05,-6.1,-5
2023-04-01,7,16091171.7,3205564.8,2.8,82,14,81,11.1,13.11,-1.2,-0.2
2023-04-02,1,17234066.6,3187510.4,-4.6,58,12.8,22,0,23.09,-9.5,-12.1
2023-04-03,2,15552424.2,3445258.3,1.8,71,11.5,93,1,8.91,-2.3,-3
2023-04-04,3,14377897.8,3371913.1,1.7,74,10.5,83,0,17.1,-2.3,-2.8
2023-04-05,4,15201702.5,3327304.5,-0.4,75,17.7,100,21,4.33,-5.7,-4.3
2023-04-06,5,12795173.6,3005970.7,6.7,71,13.7,91,0.3,17.06,2.9,1.2
2023-04-07,6,15693781.7,2949439.4,-0.6,60,18.3,29,0,21.38,-6.1,-7.7
2023-04-08,7,15889095.8,3087962.9,-1.5,60,8.1,12,0,23.62,-5.5,-9.1
2023-04-09,1,15538631,2828359.4,1.9,59,7.4,5,0,24.05,-1.7,-6.1
2023-04-10,2,14049550.9,3054806.1,6.7,61,11.2,32,0,22.14,3,-0.9
2023-04-11,3,12701793.8,3096910.9,10,57,15.7,100,0,10.41,5.8,1.5
2023-04-12,4,12048309.8,3068346.3,8.7,61,9.2,59,0.9,20.64,5.6,1
2023-04-13,5,11826839.5,3172463.2,13.9,69,9,1,0,22.91,12.4,7.6
2023-04-14,6,11637343.4,3063912.4,12.4,54,11.3,23,0,23.42,9.4,2.7
2023-04-15,7,12455352.7,2788838,13.5,54,10,2,0,23.8,11,3.9
2023-04-16,1,12967908.2,2661391.5,15,66,9.8,14,0,23.81,13.5,8.2
2023-04-17,2,12348408.4,2938657.9,9.5,88,12.5,94,11.4,5.74,7.1,7.5
2023-04-18,3,13763077.2,3130208.2,4.8,73,14.4,86,1.8,8.78,0.6,0.2
2023-04-19,4,14334309.7,3246821.8,2.2,65,12.9,80,0.4,11.45,-2.3,-3.9
2023-04-20,5,13278871,3158754.5,4.4,59,7.1,75,0.3,25.04,1.2,-3.4
2023-04-21,6,12487888.1,3037648.4,8.7,58,14.5,98,0.2,21.24,4.8,0.6
2023-04-22,7,13026368.7,2752563.7,13.5,73,14.3,98,5.6,18.86,11.1,8
2023-04-23,1,13937732.2,2613951.3,9,86,6,96,4.3,12.03,7.2,6.4
2023-04-24,2,13366157.6,3040716.5,5.3,92,6.6,84,3.8,6.16,2.9,4
2023-04-25,3,13315477.1,3105171.7,4.8,78,8.9,55,1.9,19.82,1.6,0.7
2023-04-26,4,13652867.1,3152158.5,4.8,79,5.6,75,0.7,15.85,2.1,1.3
2023-04-27,5,12831890.3,3094344.3,6.6,70,5.4,47,0.2,19.97,4,0.9
2023-04-28,6,12278433.5,3022571.6,10.5,60,10.8,72,0,24.3,7.5,2.5
2023-04-29,7,13945023.3,2742266.3,8.4,84,13.4,100,7.8,4.56,5.5,5.8
2023-04-30,1,14453032.3,2646998.9,9.1,92,18.4,100,30.9,8.72,5.9,7.8
2023-05-01,2,13614781.3,3066161.6,7.3,92,14.7,78,25.5,6.56,4.1,6
2023-05-02,3,13211578.7,3094676.9,6.5,88,7.9,92,8.5,14.26,4.1,4.6
2023-05-03,4,13587824.4,3131970.4,6.9,90,14.2,100,8.4,6.63,3.7,5.4
2023-05-04,5,13392257.2,3135371.5,7.1,80,10.8,97,0.9,9.41,4,3.7
2023-05-05,6,12434817.6,3058013.5,10.2,71,7.5,25,0,23.86,8,4.5
2023-05-06,7,12782559.8,2783838.1,12.8,61,10,34,0,19.71,10.2,4.5
2023-05-07,1,13094687.1,2617898.6,13.7,58,10.1,78,0,19.88,11.2,5
2023-05-08,2,11911094.2,2924106.9,11.3,47,13.7,1,0,28.12,7.6,-0.1
2023-05-09,3,11901504.3,2989337,10.3,51,8.6,0,0,28.23,7.4,0
2023-05-10,4,11786648.1,3045741.8,13.7,56,11.9,3,0,27.73,11,4.2
2023-05-11,5,11793491.9,3141242,16.3,59,9.6,41,1.4,26.2,14.8,7.7
2023-05-12,6,12393404.3,3229063.3,17.9,63,12.5,45,0.1,23.89,16.4,10.1
2023-05-13,7,12500670.2,2794083.5,13.3,52,13.6,4,0,28.26,10.1,2.8
2023-05-14,1,12559998.3,2587028,10.3,51,12.3,5,0,28.48,6.7,-0.2
2023-05-15,2,11879634.8,2973801.9,14.6,44,15.8,91,0,23.6,10.5,1.3
2023-05-16,3,11990138.1,2964526.9,10.3,60,14.6,83,2.4,13.15,6.5,2.6
2023-05-17,4,12909477.1,3062768.2,4.3,48,14.6,52,0,22.99,-0.5,-6.4
2023-05-18,5,12637132.9,3085546.6,8.5,52,7.7,27,0,29.25,5.5,-1.5
2023-05-19,6,12272599.6,3103143.5,14.6,62,11.6,88,0.3,23.57,12.6,7.2
2023-05-20,7,13298758.4,2823801.5,14.4,94,7,99,18,6.75,14.5,13.5
2023-05-21,1,12904149.1,2732160.3,14.8,69,13.5,36,0.8,25.09,12.8,8.4
2023-05-22,2,13098387.5,2562698.7,10.4,56,6.3,5,0,29.8,8.2,1.5
2023-05-23,3,11973189.2,3073854.6,14.2,56,7.7,28,0,29.07,12.2,4.5
2023-05-24,4,12086317.2,2994132.4,10.4,69,15.1,57,6.9,16.47,7.1,4.4
2023-05-25,5,12104930.4,3042850.3,10.2,56,11.8,0,0,29.76,7.1,1.2
2023-05-26,6,11973430.7,3087942.8,13.8,55,7.7,41,0,27.83,11.8,4.2
2023-05-27,7,13267155.5,2971116,17.8,56,9.6,6,0,28.85,16.3,7.9
2023-05-28,1,15244603.1,2920087.1,19.9,51,11,1,0,29.49,18.6,8.9
2023-05-29,2,13885741.4,3223014.5,17.8,38,11.4,11,0,30.33,14.9,2.4
2023-05-30,3,13998310.8,3382294.6,18.6,47,7.2,0,0,29.85,17.3,6.6
2023-05-31,4,16467355.5,3671350.5,21.9,55,6,0,0,29.03,22,11.4
2023-06-01,5,19216117.7,3954292,24.2,60,7.1,30,1.2,26.16,25,14.5
2023-06-02,6,19173540.5,3932660.2,22.9,66,9.7,60,0.5,22.38,23.5,15.4
2023-06-03,7,14196387.8,3029979.5,17.1,50,13.8,22,0,29.69,14.5,5.7
2023-06-04,1,13558959.1,2765131.1,16.1,44,10.2,19,0,29.99,13.5,2.5
2023-06-05,2,12481600.8,3096036.1,17,61,6.9,79,2.5,20.09,15.7,8.4
2023-06-06,3,12407337.2,3078367.6,15.6,66,14.8,42,1.7,25.07,13.3,8.8
2023-06-07,4,12034748.9,2971023.6,13.3,59,13.5,95,0.9,10.58,10.2,5.4
2023-06-08,5,11957514.7,3023783.1,12.9,76,7.6,85,2,11.89,11.5,8.5
2023-06-09,6,12144119.8,3053834.1,13.3,83,5.9,64,2.1,20.06,12.6,10.2
2023-06-10,7,13599977.8,2945353.8,16,72,3.9,72,0,24.26,15.7,10.1
2023-06-11,1,14122478.1,2763355.3,17.5,81,5.5,88,3.6,20.74,18.1,13.7
2023-06-12,2,13817982.5,3206552.5,19.3,77,13.6,100,12.1,14.45,19,14.8
2023-06-13,3,13174412.8,3179698.9,17.4,77,9.4,81,18.2,16.41,17,12.8
2023-06-14,4,12304292.1,3058627.7,15.1,81,6.7,97,1.9,9.63,14.7,11.7
2023-06-15,5,13752047.3,3343792.6,19.1,71,10.4,66,0.1,25.82,18.9,13.2
2023-06-16,6,14053300.7,3330667.5,18.4,71,8.3,76,0.4,24.53,18.3,12.6
2023-06-17,7,13430560.6,2876526.1,16.3,77,12.5,71,1.4,14.47,15.1,12
2023-06-18,1,14158385.8,2784498.5,17.3,79,5.4,60,0.8,18.44,17.6,13.4
2023-06-19,2,13826596.7,3230487.2,17.3,76,7.5,44,2.7,21.09,17.2,12.6
2023-06-20,3,15204034.7,3499235.9,20,66,5.9,17,0,25.8,20.3,12.8
2023-06-21,4,16166956.3,3612936.1,20.8,62,9.4,6,0,27.65,20.6,12.4
2023-06-22,5,17287196,3752206.2,21.9,61,5.2,4,0,29.6,22.7,13.1
2023-06-23,6,17794749.2,3795611.9,23.5,59,4.9,84,0,25.5,24.3,13.8
2023-06-24,7,18623587.6,3484739.2,22.1,82,4.7,89,9,17.33,24.8,18.8
2023-06-25,1,18541711.9,3214114.7,23.6,65,10,62,0,25.7,24.5,16
2023-06-26,2,16543565.3,3522541.9,21.9,81,13.3,89,13.1,20.66,23.1,18.2
2023-06-27,3,16155518.6,3554103.3,20.7,89,7.2,97,13.2,14.3,22.9,18.6
2023-06-28,4,13569077.6,3237153.1,18.4,86,11.6,93,1.4,10.68,18.8,16
2023-06-29,5,16049425.2,3578288.4,21.7,68,8.9,43,0.5,26.48,22.3,14.8
2023-06-30,6,15874304.1,3510875.9,20.6,79,5.7,59,0.2,15.79,22.1,16.6
2023-07-01,7,17324682.2,3172694.8,20.9,89,8,76,31.3,14.07,23,18.9
2023-07-02,1,17710312,3259379,22.5,85,4.5,93,3.2,18.06,25.7,19.7
2023-07-03,2,19335646.2,3463213.2,22.6,86,4,66,1.9,21.46,26.1,20
2023-07-04,3,20276957.4,4019890.2,24.3,81,4.3,59,0.3,23.45,28,20.5
2023-07-05,4,21906321.5,4243191.2,26.1,71,6.9,21,0,27.01,29.4,20
2023-07-06,5,22078288.6,4281766,25.6,72,7.3,72,0.2,25.66,28.3,19.3
2023-07-07,6,20100027.7,4049798.6,23.8,78,7.7,70,0.1,21.59,26.3,19.4
2023-07-08,7,19097770.4,3546002.7,23.1,69,8.7,85,2.2,26.44,24.5,16.2
2023-07-09,1,18309343.3,3272023.4,21.8,78,5.8,80,11.7,21.64,23.9,17.5
2023-07-10,2,18047831.5,3737781,21.5,86,4.7,97,0.8,14.94,24.1,18.8
2023-07-11,3,18369208.9,3842516.7,23.3,75,9,63,3.6,25.43,25.3,18.3
2023-07-12,4,16686446.8,3646791.7,21.5,70,8.2,55,0,25.32,22.2,15.1
2023-07-13,5,15131766.1,3490011,20.1,81,13.4,63,24.7,16.5,20.6,16.7
2023-07-14,6,15757854.3,3562152.8,20.5,76,5.9,22,0.3,23.94,21.9,15.8
2023-07-15,7,17121287,3350411.5,23,75,6.1,79,0.9,20.96,25.1,17.8
2023-07-16,1,18850181,3279224.7,22.9,82,6.4,55,8.8,21.75,25.7,19.4
2023-07-17,2,18201187.9,3719517.5,22.8,76,12.8,48,0.8,23.07,24.1,18
2023-07-18,3,17176299,3685971.9,21.9,72,6.4,41,3.6,26.06,23.4,16.1
2023-07-19,4,16532619.4,3640289.4,20.3,72,8.6,11,0.8,24.96,20.8,14.6
2023-07-20,5,16968746.1,3744264.8,20.8,80,7.3,71,8.4,22.71,22.3,16.6
2023-07-21,6,15622587.1,3507579.9,19.1,86,13.9,80,32.3,17.9,19.5,16.7
2023-07-22,7,16436221.7,3271286.6,20,68,14.2,27,0,25.73,19.4,13.6
2023-07-23,1,17981399.4,3243297.4,21.8,66,4.7,14,0,26.22,23,14.7
2023-07-24,2,18055087.2,3717745.6,20.9,85,6.1,53,22.7,20.92,23.1,18
2023-07-25,3,17426790.6,3739152.3,21.4,82,7.3,65,0.2,20.65,23.4,18
2023-07-26,4,18382108.2,3891619.8,22.3,83,11,73,4.1,19.41,24.2,19
2023-07-27,5,18268837.9,3877568,22.8,84,8.7,60,20.1,17.63,25.3,19.7
2023-07-28,6,18747924.2,3915210.3,23,86,10.9,60,3.4,15.45,25.4,20.3
2023-07-29,7,14739197.4,3007281.5,17.1,76,10,61,2.3,11.17,16.6,12.8
2023-07-30,1,14988800.9,2918838,18.2,71,10.4,13,0.1,25.31,17.8,12.4
2023-07-31,2,13931465.7,3216364.5,17.3,70,12.4,20,0,25.03,16.2,11
2023-08-01,3,13338213.2,3239236.9,17,65,7.4,15,0.2,22.67,16.1,9.9
2023-08-02,4,14071727.5,3390735.2,19.4,69,7.5,77,0.5,23.61,19.6,13.2
2023-08-03,5,15410499.6,3529138.7,19.4,86,11.6,95,13.4,14.34,20.3,17
2023-08-04,6,15859167.8,3519255.3,19.9,80,9,60,10.3,20.17,20.9,15.9
2023-08-05,7,15743239.9,3187012.8,19.3,70,9.3,18,0.3,22.25,19.2,13.5
2023-08-06,1,16259199.8,3136018.1,20.8,71,5.3,53,0,25.64,22,14.7
2023-08-07,2,15251992.7,2901371.4,18.7,91,14.7,100,27.7,8.17,19.1,17.1
2023-08-08,3,14518384.5,3348894.6,19.7,88,12.8,90,22.3,11.97,20.6,17.6
2023-08-09,4,16332447.2,3611764.3,20.7,78,11.5,33,0,23.03,21.5,16.4
2023-08-10,5,14648814.3,3371564.7,18.8,89,7.4,73,14.3,13.57,20.2,16.9
2023-08-11,6,14172607.9,3319750.1,18.3,78,13.5,58,1.1,20.66,17.9,14.2
2023-08-12,7,14657741.9,3018839,18.4,88,8,100,15.8,15.73,19.6,16.2
2023-08-13,1,15851280.8,2945695.9,19.5,84,10.8,52,1.5,19.71,20.4,16.6
2023-08-14,2,14877732.5,3324853.6,18.5,83,9.3,64,1,15.4,18.9,15.3
2023-08-15,3,14558160.9,3389806.2,19.9,79,7.2,72,0.5,18.59,20.9,15.8
2023-08-16,4,16694870.7,3664182.6,21.5,75,5,36,0.8,21.2,23.3,16.7
2023-08-17,5,16816811.9,3686169.7,21.6,82,10.4,25,1.9,19.67,23.2,18.3
2023-08-18,6,14891339,3375592.5,19,80,14.2,71,5.5,19.2,18.8,15.3
2023-08-19,7,13857668.9,2930297.7,17,76,15.8,73,0.8,12.09,15.5,12.6
2023-08-20,1,15921468.7,3008253.9,20.7,77,10.3,69,0.9,18.57,21.6,16.2
2023-08-21,2,14656923.2,3289536.1,18.3,70,11.9,85,1.6,20.8,17.5,12.3
2023-08-22,3,14367653.2,3372593.5,18.3,73,7.8,57,0,22.66,18.4,13
2023-08-23,4,14807952.3,3451561.6,19.9,73,4.8,35,0.2,21.54,20.8,14.5
2023-08-24,5,13963109.4,3333747.3,18.7,82,9.7,67,3.2,13.64,19,15.1
2023-08-25,6,14250488.1,3346441.3,19,88,5.5,84,0.6,10.2,20.6,16.8
2023-08-26,7,14484068.9,2980446,18.1,81,12.8,73,2.4,14.44,17.8,14.5
2023-08-27,1,14628489.3,2835610.7,18,69,7.2,32,0,19.21,17.6,11.9
2023-08-28,2,14194379.3,3248323.6,18.4,74,4.3,8,0,20.96,19,13.2
2023-08-29,3,14809294.2,3411414.3,19.5,75,5,40,0,22.26,20.6,14.5
2023-08-30,4,13675509.9,3230377.2,17.3,83,11.9,50,8.4,14.56,17.1,14.1
2023-08-31,5,12923644.8,3162916.3,15.7,66,8.8,22,0,19.33,14.3,9.1
2023-09-01,6,13643799.1,3275797.2,17.9,73,7,4,0,22.2,18,12.6
2023-09-02,7,14604962.2,3055963.5,20,78,13.5,71,0,18.98,20.2,15.7
2023-09-03,1,17904931.6,3265350.8,22.9,77,9.6,37,0,19.96,24.7,18.2
2023-09-04,2,21211060,3364342.1,23.8,81,4.7,54,0,14.56,27.1,20.2
2023-09-05,3,21574956.2,4113428.5,25.8,79,4.8,7,0,20.02,29.9,21.5
2023-09-06,4,21848556.9,4197457.9,25.9,76,7.6,18,0.6,18.99,29.3,21
2023-09-07,5,19583568.5,3997231.5,23.8,81,8.7,56,2.2,16.68,26.6,20.2
2023-09-08,6,14726049,3416415.4,18.7,80,10.6,94,0,8.76,18.9,15
2023-09-09,7,14268440,2987186.2,17.7,69,6.7,75,0,19.57,17.4,11.7
2023-09-10,1,14700203.3,2821175.8,18.7,75,7,90,0.1,13.41,18.9,13.9
2023-09-11,2,13942645.2,3254259.5,18.5,78,4.8,64,0,15.13,19.2,14
2023-09-12,3,12857803.5,3170698.3,17.8,87,8.4,90,3.4,8.08,18.5,15.5
2023-09-13,4,13075034.2,3197037.6,17.8,77,10.9,57,3.4,15.81,17.4,13.4
2023-09-14,5,12031131.9,2998429.6,14,75,11.2,58,0.4,8.79,12.2,9.5
2023-09-15,6,12273487.9,3089495.1,15.6,71,6.1,4,0,19.73,14.9,9.9
2023-09-16,7,13080980.7,2854003.9,16.2,71,9.8,58,0,18.48,15.1,10.6
2023-09-17,1,13763463.1,2721202.4,17.1,79,6.9,76,0.8,15.17,17.2,13.1
2023-09-18,2,12721614,3066655.4,16.2,88,5.7,74,5.8,14.35,16.7,14.1
2023-09-19,3,12170786.3,3013288.2,14.7,83,13.9,79,5.5,8.74,13.2,11.6
2023-09-20,4,12035356.9,3014264.6,13.4,73,8.6,10,0,17.19,11.8,8.3
2023-09-21,5,12064262.7,3091394.2,15.2,71,4.3,2,0,18.41,14.6,9.5
2023-09-22,6,12239115,3121213.2,15.7,75,4,16,0,18.33,15.6,11.1
2023-09-23,7,12785737.2,2835887,16,76,5.5,81,0,16.91,15.7,11.5
2023-09-24,1,13753607.2,2757135.4,17.1,78,9.4,28,0,15.92,16.8,12.9
2023-09-25,2,12230144.3,2996832.8,15.8,63,14.1,0,0,17.89,13.5,8.5
2023-09-26,3,11713826.1,2974752.2,13.6,69,11.6,86,0,16.02,11.4,7.7
2023-09-27,4,11711933.7,2991834.2,13.9,71,6.9,71,0,15.8,12.4,8.1
2023-09-28,5,11837675.7,3059405.7,14.8,77,8,47,0,16.1,13.9,10.4
2023-09-29,6,11913408.3,3079935.1,15.4,84,5.8,65,0,10.07,15.4,12.5
2023-09-30,7,13151609.5,2912195.1,16.9,77,5.5,11,0,15.65,16.9,12.4
2023-10-01,1,13896247,2783804.4,18.3,76,8.9,24,0,13.82,18.3,13.8
2023-10-02,2,13139923.3,3129747.3,17.7,71,6.6,47,0,15.9,17.5,12
2023-10-03,3,14487743.8,3430188.8,20.6,77,9.2,36,0,15.52,21.3,16
2023-10-04,4,15160643.1,3510970.9,20.8,73,6.5,0,0,15.29,21.8,15.5
2023-10-05,5,14117700.8,3418991.2,21.4,68,12.9,92,0,13.21,21.1,14.8
2023-10-06,6,13252034.1,3198824.6,19,81,14.6,86,4.3,4.49,18.7,15.4
2023-10-07,7,13454577.8,2711031.2,13.6,96,6.2,97,14.5,3.47,13.6,12.8
2023-10-08,1,14044079.2,2550113.9,9.2,83,17.9,94,3.7,6.45,5.7,6.3
2023-10-09,2,14849176.2,2466388,7.4,96,18.3,100,17.9,2.46,3.9,6.7
2023-10-10,3,13045238.4,2971428.3,9.1,88,12.3,92,3.7,5.25,6.6,7.2
2023-10-11,4,12593673.5,2982883.6,10.2,86,8.4,83,3.9,8.04,8.3,7.7
2023-10-12,5,12487037.4,2994277.7,9,81,11.1,50,0.2,11.54,6.3,5.4
2023-10-13,6,12628055.4,2995243.6,9.8,79,11.8,41,0.3,8.67,7.1,6
2023-10-14,7,13402824.4,2727872.8,10.3,75,11.8,43,0.1,9.51,7.5,5.8
2023-10-15,1,14197350.5,2603142.3,9.4,82,13.2,79,0.8,3.06,6.6,6.4
2023-10-16,2,12602706.8,2920972.9,11.7,75,14.7,96,0.1,5.54,8.9,7.3
2023-10-17,3,12511224.7,2980858.2,10.2,79,6.7,74,0.2,5.9,8.3,6.6
2023-10-18,4,12545406,3018481,9.7,83,7.3,67,0,9.53,7.8,6.6
2023-10-19,5,12114172.2,3001493.4,11.9,74,10.1,96,0.4,9.33,9.7,7.2
2023-10-20,6,12139660.4,2980892.3,13.4,83,9.4,93,4.4,7.28,12.1,10.3
2023-10-21,7,13459739.3,2706705.2,10.8,95,10.9,100,8.1,3.21,9.2,9.9
2023-10-22,1,15074077.4,2667807,5.1,94,20.7,100,11.9,1.56,0.6,4.1
2023-10-23,2,13428156.6,3022298.5,6.3,78,9.2,44,0,11.22,3.2,2.3
2023-10-24,3,12892050.1,3039612.7,8.9,84,6.9,97,4.1,5.64,7,6.3
2023-10-25,4,12057408.5,3024548.3,14.6,85,11.5,97,0.1,3.55,13.6,12
2023-10-26,5,11820909.2,3029352.8,15.4,92,9,97,6.5,4.58,15.4,14
2023-10-27,6,11825161.8,3027822.9,17,89,13.4,81,1.5,6.17,16.8,15.1
2023-10-28,7,12780555.9,2716018,11.9,74,16.5,80,0.8,5.77,9.1,7.2
2023-10-29,1,14973307.7,2692694,4.7,59,5.8,100,0.1,5.9,1.3,-2.6
2023-10-30,2,14719258.3,3184745.9,3.1,88,10.6,76,7.2,4.7,-0.4,1.1
2023-10-31,3,14741055.3,3293986.6,0.8,66,6.9,28,0.3,11.39,-3,-5.4
2023-11-01,4,15427032.2,3443851.2,0.4,65,9.8,85,1.9,6.29,-3.8,-5.5
2023-11-02,5,15030316.7,3432756.3,3.8,68,12.7,74,0.1,7.35,-0.5,-2.1
2023-11-03,6,13990830.4,3270785.5,8.7,61,18.3,100,0.8,4.65,4.1,1.2
2023-11-04,7,14229016.1,2940665.2,5.8,77,8.6,43,0.2,10.31,2.8,2
2023-11-05,1,15518169.4,2898855,3,72,8.1,83,0,5.72,-0.5,-1.7
2023-11-06,2,15234788.1,3373855.4,0.9,79,10.5,97,3.2,2.7,-3,-2.4
2023-11-07,3,14294806.4,3329811.6,5.6,77,19.2,97,7.1,3.21,1.2,1.7
2023-11-08,4,15487137.2,3500647.6,0,62,10.5,68,0,9.53,-4.5,-6.5
2023-11-09,5,15777134.6,3546578.1,1.5,85,12.4,88,4.5,2.03,-2.5,-0.7
2023-11-10,6,15077392.9,3433480.3,3.5,77,14.3,47,0.8,6.47,-0.7,-0.2
2023-11-11,7,16746634.5,3232291.3,-0.3,72,9.1,43,0,5.81,-4.4,-4.9
2023-11-12,1,16827422.6,3117235.5,-0.8,75,4.5,12,0,8.51,-4.2,-4.9
2023-11-13,2,16575960.2,3556863.9,-1.7,84,7.6,92,1.5,3.4,-5.5,-4.1
2023-11-14,3,15325643.2,3510496.2,1.7,83,7.9,79,1.7,4.33,-1.7,-1
2023-11-15,4,14889678.5,3463335.6,3,86,10.1,75,0,6.71,-0.4,0.8
2023-11-16,5,14228856.3,3406158.6,3.5,84,7.7,46,0,8.72,0.4,0.9
2023-11-17,6,14387448.9,3351600.7,7.5,79,15.8,91,3.9,2.07,3.8,3.8
2023-11-18,7,15925594.8,3175596.9,0.7,74,10,56,0.2,6.39,-3.4,-3.6
2023-11-19,1,17119312.6,3131864.7,1,69,14.7,60,0.4,7.29,-3.9,-4.5
2023-11-20,2,16809939.6,3647219.6,-3.5,62,7.6,9,0,8.31,-7.8,-10.2
2023-11-21,3,17536003.1,3797095.1,-2.4,75,12.3,93,6.8,5.15,-7.1,-6.6
2023-11-22,4,16110878.1,3645702.2,1.1,96,8.8,99,3.9,1.71,-2.2,0.6
2023-11-23,5,15965232.6,3651009.8,1,93,9,88,1.1,2.83,-2.4,0
2023-11-24,6,17312475.9,3829932.9,-5,53,14.7,28,0,7.88,-10.6,-13.8
2023-11-25,7,18249260.2,3559633.3,-2.2,71,12.2,55,0,5.75,-6.9,-6.8
2023-11-26,1,17644191.5,3292373.1,0.6,74,9.4,86,1.2,6.2,-3.4,-3.8
2023-11-27,2,16376550.4,3627698.7,1.8,81,15,68,1.4,5.34,-2.7,-1.4
2023-11-28,3,17790245.2,3900810,-4.2,61,17.1,61,0.1,5.79,-10,-10.8
2023-11-29,4,18028269.2,3954040,-3.3,66,13.1,82,0.6,4.19,-8.4,-8.9
2023-11-30,5,16399396.4,3742619.7,2,78,15.8,70,0.1,4.73,-2.7,-1.6
2023-12-01,6,15501968.9,3575342.2,2.9,86,8.7,83,2.3,6.2,-0.3,0.7
2023-12-02,7,17198680.5,3384604,0.3,77,8.8,100,3.3,3.18,-3.6,-3.4
2023-12-03,1,18557580.6,3361102.2,-0.1,86,15,100,19.7,0.83,-4.7,-2.2
2023-12-04,2,17317874.7,3723488.1,-1,91,6.9,100,11.4,1.52,-4.4,-2.3
2023-12-05,3,17417863.7,3849254,-4.2,85,5.4,100,0.3,3.2,-8,-6.4
2023-12-06,4,18359818.8,4045822.7,-10.3,82,7.4,85,0.1,4.96,-14.8,-12.8
2023-12-07,5,19092138.4,4154563.1,-9.1,85,5.9,100,1.5,1.92,-13.3,-11.2
2023-12-08,6,18258267.4,4009674.9,-5.4,82,10.5,96,0,3.9,-10,-8.1
2023-12-09,7,17964536.6,3554643,0.7,83,9.7,97,0.1,2.31,-3.1,-1.9
2023-12-10,1,17560052.2,3306419.2,1.5,96,8.6,100,9.8,1.48,-1.8,0.8
2023-12-11,2,17320167.5,3789524.9,-1.6,84,11.5,92,2.7,2.32,-5.9,-4.1
2023-12-12,3,17621493.1,3897399.3,-1.3,77,15.1,54,1.7,2.7,-6.3,-5
2023-12-13,4,17605778.8,3943980.5,-3.7,64,15.3,23,0.3,6.14,-9.2,-9.8
2023-12-14,5,18074802.4,4009046.2,-2.7,70,11.6,57,0,5.98,-7.5,-7.7
2023-12-15,6,16107346.1,3690879.6,3.1,81,13.3,46,0,6.4,-1,0
2023-12-16,7,16959695.6,3394773.8,0.1,74,10.4,88,0,5.71,-4.1,-4.2
2023-12-17,1,17692936.3,3306602.1,2.9,84,10.3,100,2.4,1.37,-0.6,0.5
2023-12-18,2,16020830.6,3591530.1,3.1,100,11.8,100,24.7,1.25,-0.2,3.1
2023-12-19,3,18096095.8,3945575.2,-3.8,72,15.3,51,2.9,5.73,-9.1,-8.4
2023-12-20,4,18331488.8,3995218,-3,77,7.9,48,0,4.1,-7.1,-6.6
2023-12-21,5,18844092.5,4093453.4,-8.3,67,10.4,4,0,6.82,-13.3,-13.6
2023-12-22,6,19686312.9,4073192.9,-8.5,69,7.1,53,0,6.63,-13.1,-13.4
2023-12-23,7,20005673.3,3696611.4,-4.6,74,7.1,98,0.9,2.08,-8.7,-8.7
2023-12-24,1,18848809.8,3341532.3,-0.5,85,6.4,100,0.6,1.84,-3.9,-2.7
2023-12-25,2,18030676.6,3046385.6,0.8,90,5.5,100,0,2.28,-2.2,-0.7
2023-12-26,3,16715966.2,3142388.6,2,96,6.3,100,0.3,2.98,-0.8,1.4
2023-12-27,4,16460700.3,3409381.5,2.1,99,11.7,100,3.4,1.04,-1.4,2.1
2023-12-28,5,16451655.2,3441364.5,3,99,10.5,100,9.1,2.2,-0.2,2.9
2023-12-29,6,16451959.8,3416780.7,1.5,99,6.7,97,6.5,0.87,-1.3,1.4
2023-12-30,7,18454917.5,3475317,-1.9,68,11.8,93,0,4.1,-6.6,-7.1
2023-12-31,1,19345709.6,3487514.5,-4.9,60,7.3,97,0,3.99,-9.3,-11.6
2024-01-01,2,19611142.2,3407141.3,-6.4,67,8.3,53,0,4.81,-11,-11.7
2024-01-02,3,18486644.7,3827738.9,-2.6,72,13,44,0,6.44,-7.5,-7.1
2024-01-03,4,17451323.5,3768252.3,1,76,11.3,96,0.2,3.99,-3.1,-2.8
2024-01-04,5,18634639.6,3997392.1,-7,55,13.9,37,0.1,7.02,-12.6,-15.1
2024-01-05,6,19509811.3,4077884.1,-6.3,65,8.8,79,0.2,5.02,-10.9,-11.9
2024-01-06,7,20332460.3,3839230.4,-7.8,61,14.6,92,2.3,3.43,-13.4,-14
2024-01-07,1,20615898.1,3704601.2,-6,81,10.9,93,5.7,1.93,-10.7,-8.8
2024-01-08,2,18288018.3,3961985.8,-3.8,78,8.9,86,0,4.76,-8.1,-7.2
2024-01-09,3,18626785.2,3998729.7,-3.7,83,18,100,16,1.57,-9.2,-6.2
2024-01-10,4,17443048.1,3847755.5,1.6,82,17,97,10.4,2.9,-3.1,-1.2
2024-01-11,5,18248663.8,4029085.3,-7.5,83,7.3,70,1.5,4.26,-11.8,-10
2024-01-12,6,18562337,4040899.3,-8.4,76,10.5,64,0.7,7.61,-13.3,-12
2024-01-13,7,19619929.3,3686590.7,-0.9,82,22.3,99,18.6,1.99,-6.7,-3.6
2024-01-14,1,20421954.5,3711947.8,-5.7,69,19.1,83,0.5,5.46,-11.8,-10.5
2024-01-15,2,19863251.6,4193756.9,-10.8,75,12.4,56,0.2,7.43,-16.2,-14.5
2024-01-16,3,20118596.5,4284100,-11.4,84,6.6,83,2.8,3.09,-15.8,-13.6
2024-01-17,4,20797921.7,4413735.5,-13,73,12.5,63,0.1,6.51,-18.5,-16.9
2024-01-18,5,20145553.8,4343923.2,-10.1,78,7.9,68,0.6,6.83,-14.8,-13.4
2024-01-19,6,21037990.8,4448381.8,-16.6,70,9.5,84,0,8.42,-21.8,-20.9
2024-01-20,7,22996718.6,4261409.1,-14.3,71,12.7,93,0,5.48,-19.9,-18.4
2024-01-21,1,22415714.6,4051077.8,-14.5,74,11,22,0,8.65,-19.8,-18.2
2024-01-22,2,19851192.1,4217162.7,-5.5,80,14.5,82,3.1,4.05,-10.7,-8.4
2024-01-23,3,18231763,4062347.8,-4.1,76,10.4,100,0.4,6.09,-8.6,-7.8
2024-01-24,4,19220224.4,4193855.9,-7.2,80,9.1,100,5.3,2.13,-11.7,-10
2024-01-25,5,17741749.8,3960218.8,-1.3,86,5.6,70,2.1,8.25,-4.7,-3.4
2024-01-26,6,17510326.6,3880492.9,0.3,89,8.9,100,7.4,2.45,-3.4,-1.4
2024-01-27,7,17794141.5,3547679.1,0.6,91,3.7,100,0,2.43,-2.2,-0.7
2024-01-28,1,18193365.2,3426642.2,0.5,87,6.8,96,0,5.51,-2.9,-1.6
2024-01-29,2,17171051.9,3833267.1,-3.7,80,10.4,50,0,8.36,-8.1,-6.7
2024-01-30,3,18035499.9,4010223.2,-7.3,78,10.5,95,0,7.13,-12.2,-10.7
2024-01-31,4,17618160.7,3969321.6,-3.6,86,5.5,100,0.2,3.29,-7.1,-5.6
2024-02-01,5,16820887.2,3836700.9,1.3,90,10.9,87,1.7,1.93,-2.4,-0.2
2024-02-02,6,17059820.4,3838498.2,-1.2,79,11.9,45,0.1,9.03,-5.6,-4.4
2024-02-03,7,18490792.7,3627832.6,-7.7,80,5,76,0.1,4.53,-11.7,-10.6
2024-02-04,1,18647633.8,3484971,-5.3,82,5.8,64,0,4.4,-9.3,-8
2024-02-05,2,16744370.6,3773813.9,-4.8,74,7.7,9,0,10.85,-9.1,-9.1
2024-02-06,3,17176546,3881555.4,-6.5,69,4.9,16,0,10.93,-10.6,-11.5
2024-02-07,4,17604933.6,3936230.1,-5.5,78,5.3,92,0,5.1,-9.4,-8.8
2024-02-08,5,16544970.2,3806662.3,-0.3,77,7.9,87,0.5,10.23,-4.1,-4.2
2024-02-09,6,15627922.7,3630599.1,3.9,78,10.8,78,3.1,9.16,0.3,0.3
2024-02-10,7,16205570.2,3309339.7,3.5,82,11.8,45,0,10.47,-0.3,0.5
2024-02-11,1,17551289.6,3295993.1,0.7,81,12.7,89,0,6.66,-3.6,-2.2
2024-02-12,2,16487142.3,3691920.8,-1.3,80,7.9,81,0.1,4.46,-5.1,-4.4
2024-02-13,3,17164729.7,3852681.7,-2.9,71,9.2,78,0.9,10.64,-7.3,-8
2024-02-14,4,18571678.8,4113008.8,-9.1,63,17.3,34,0,11.3,-15.2,-15.1
2024-02-15,5,19103972.5,4150383.6,-7.2,69,9.5,64,5,8.83,-12,-12.4
2024-02-16,6,18387150.6,4013028.1,-6,77,11.8,95,1.9,6.65,-11,-9.5
2024-02-17,7,20036327.9,3855815.7,-13.4,71,10.7,61,0,12.81,-18.7,-17.8
2024-02-18,1,20388263.7,3737015.1,-6.4,76,13.9,99,4.1,5.11,-11.7,-10.1
2024-02-19,2,20295956.2,3730187.1,-12.9,66,12.4,19,0,13.41,-18.4,-18.2
2024-02-20,3,18657464,4135038,-9.9,75,6.8,76,0.4,7.91,-14.4,-13.6
2024-02-21,4,17635472.6,3994009.7,-3.5,72,10.5,72,0,13.01,-8,-8.2
2024-02-22,5,15851052,3718388.6,2.8,77,9.8,88,3.5,11.96,-0.9,-1.1
2024-02-23,6,16648554.6,3785823.2,-2.2,84,11.3,75,1.5,4.87,-6.5,-4.7
2024-02-24,7,20423615.7,3918604.4,-15.5,65,9.4,4,0,14.86,-20.7,-20.8
2024-02-25,1,19836108,3658667.9,-5.9,65,10.6,56,0.6,13.59,-10.7,-11.6
2024-02-26,2,16040930.2,3683874.5,-0.6,69,10.9,63,0.2,14.45,-5,-5.9
2024-02-27,3,15085101.5,3580988.1,5.2,70,9.7,95,0,13.34,1.8,-0.2
2024-02-28,4,15378818.3,3596513.1,5.2,84,19.3,93,5.1,6.81,1.1,2.5
2024-02-29,5,19136830.1,4184731,-10.9,35,20.9,18,0,15.69,-17.9,-24
2024-03-01,6,17627721.1,3931074.5,-3.4,56,8.7,45,0,13.63,-8,-11.4
2024-03-02,7,17410654,3448150.9,2.2,79,8.1,90,0.5,4.51,-1.2,-1.2
2024-03-03,1,16729944,3198480.5,3.3,93,4.4,89,0,6.12,0.9,2.1
2024-03-04,2,14548813.8,3454508.5,4.5,90,11.7,88,0,10.58,1.1,2.9
2024-03-05,3,13589258.4,3371046.9,7.7,85,9.7,73,0.6,12.64,5.1,4.9
2024-03-06,4,14822519.8,3479485.1,4.1,85,11.5,100,3.7,3,0.6,1.6
2024-03-07,5,14589303,3492820.1,3.8,47,12.3,46,0,16.1,-0.8,-7
2024-03-08,6,14902902.3,3477801.1,1.5,56,11.5,70,0,16.68,-3.1,-6.7
2024-03-09,7,16453540.5,3237708.8,3.6,77,15.3,100,4.8,2.51,-0.7,-0.4
2024-03-10,1,17518135.9,3256989.8,0,81,15.6,100,13.4,3.16,-4.8,-3.1
2024-03-11,2,16617398.3,3652321.6,0.1,49,21.3,66,0,14.97,-6.2,-9.9
2024-03-12,3,14728383.8,3476253.4,2.1,61,8.6,20,0,17.51,-1.8,-5.1
2024-03-13,4,14231814.9,3416395.3,2.8,64,11.9,74,1.3,14.23,-1.5,-3.5
2024-03-14,5,14161245.1,3385240.3,5.3,68,5.5,83,1,16.19,2.4,-0.9
2024-03-15,6,13903470,3298657.7,5.2,82,8.3,65,3.5,13.17,2.2,2
2024-03-16,7,15970987,3153064.5,2.2,78,10.6,94,3.2,11.1,-1.7,-1.9
2024-03-17,1,16337679.6,3064865.5,2.6,83,12.2,78,4,9.74,-1.3,-0.2
2024-03-18,2,16472087.7,3602622,0.7,69,16.5,98,0.5,6.57,-4.5,-4.6
2024-03-19,3,16798749.4,3729368.3,-1.7,62,11.7,95,0.3,11.89,-6.4,-8.3
2024-03-20,4,16645191.9,3738929.1,-0.7,58,16.9,70,2.2,15.12,-6.3,-8.7
2024-03-21,5,18275675.2,4018074.2,-6.6,40,20.9,53,0.4,18.68,-13.2,-18.3
2024-03-22,6,18619784.7,3995442.3,-7.2,42,6.6,81,0,12.43,-11.9,-18.2
2024-03-23,7,18621070.8,3605873.8,-4.2,58,10.4,77,1.3,9.45,-9,-11.4
2024-03-24,1,18331948.6,3416522.9,-3.3,40,8.9,26,0,20.87,-8,-17.5
2024-03-25,2,15972169.4,3613306.6,1.6,37,13.3,39,0,18.95,-3.6,-12.2
2024-03-26,3,15025843.2,3517091.1,5.6,58,14.4,94,0,12.84,1.2,-2.3
2024-03-27,4,14009471.8,3391143.1,8.1,83,13.2,99,2.8,7.63,5,5.2
2024-03-28,5,14070780.9,3391128.6,3.9,66,9.3,67,0,17.87,0.2,-2.8
2024-03-29,6,16148978.6,3041126.5,2.2,55,15.1,63,0,15.6,-3,-6.3
2024-03-30,7,15746091,3124656.4,1.2,52,13,66,0,20.33,-3.6,-7.8
2024-03-31,1,15328576.4,2859153.1,3.5,54,11.3,40,0.1,20.01,-0.8,-5.6
2024-04-01,2,14723400.9,3167345,3.6,64,8.3,79,0,16.17,-0.1,-3.2
2024-04-02,3,14336748.9,3360453.2,4.3,60,15.7,86,0,21.14,-0.4,-3.9
2024-04-03,4,15494314.3,3497647.6,3.4,72,22.8,100,21.5,3.75,-2.2,-1.6
2024-04-04,5,16210079.5,3598227.4,0.3,84,20.6,100,19.5,6.67,-5.1,-2.1
2024-04-05,6,15424835.3,3504832.5,2.6,81,11.8,100,4.5,7.39,-1.3,-0.3
2024-04-06,7,15130288,3084184.7,5.1,68,13.9,68,0,15.12,0.9,-0.8
2024-04-07,1,14523203,2886574.4,6.7,61,7,0,0,23.22,3.7,-1.4
2024-04-08,2,13406409.7,3162966.4,8.5,58,6.9,63,0,20.3,5.6,-0.1
2024-04-09,3,12470183.9,3171944.2,10.7,56,9.4,60,0.4,21.63,7.7,1.5
2024-04-10,4,12003736.5,3121464,11.6,62,9.3,68,1.8,17.85,9,4.3
2024-04-11,5,13101410.5,3160166.5,9.1,92,12.3,98,15.6,5.88,6.9,7.9
2024-04-12,6,13103527.4,3146173.2,12.2,83,20.5,96,11,12.39,9.1,9.2
2024-04-13,7,15461092.1,2994686.8,4.9,86,17.9,88,9,4.98,0.6,2.7
2024-04-14,1,15516985.5,2838288.4,5.2,86,6.1,74,1.3,7.41,2.7,3
2024-04-15,2,13152616.7,3119966.3,7.9,74,10.8,55,3.2,18.71,4.8,2.8
2024-04-16,3,12925576.7,3154362.5,7,61,12.5,34,0,20.38,3.1,-0.7
2024-04-17,4,13739113.5,3230180.6,5.8,58,14.4,86,0,19.69,1.3,-2.2
2024-04-18,5,14239767.5,3287944.4,6.9,84,13.4,100,9.2,3.23,3.6,4
2024-04-19,6,13828909.3,3211087.8,9.4,89,13.3,76,3.2,5.59,6.9,7.5
2024-04-20,7,15299184.9,2992058.6,5.8,59,14.9,47,1.2,15.27,1.3,-1.7
2024-04-21,1,15860663.1,2896615.7,4.2,67,16.2,69,3.2,14.81,-0.5,-1.8
2024-04-22,2,14227561.4,3249347.7,3.4,56,12.7,37,0,20.46,-1.1,-5.2
2024-04-23,3,13517319.2,3201236.2,10.2,58,17.9,84,3.7,15.82,5.8,1.6
2024-04-24,4,14024129,3293531.2,3.3,63,15.6,44,4.1,22.22,-1.2,-4.5
2024-04-25,5,14325143.2,3339929.2,2.5,52,7.3,4,0,26.42,-1.1,-6.8
2024-04-26,6,13571329.8,3223792.8,6.8,54,5.3,10,0,26.38,3.9,-3
2024-04-27,7,14318533.4,2893252.7,8.8,72,11.4,91,5.8,14.61,5.8,3.4
2024-04-28,1,13738888,2729119.2,13.8,76,13.2,87,3.9,16.75,11.9,9.4
2024-04-29,2,13156154.7,3097853.4,7.6,70,11.7,99,5.9,12.47,4.2,2.4
2024-04-30,3,13555083.2,3182957,7.5,84,14,92,3.1,7.98,4.3,5
2024-05-01,4,12727444.6,3150206,10.2,81,6.2,84,1,12.67,8.5,6.8
2024-05-02,5,12220090.7,3120373.4,12,84,9.9,58,0.8,12.44,10.3,9.1
2024-05-03,6,12063746.9,3114034.9,12.8,76,10.9,95,1,18.36,10.9,8.4
2024-05-04,7,12825147.3,2880475.5,15.8,73,10.7,78,0,17.37,14.5,10.7
2024-05-05,1,13903432.9,2686199.1,12.9,89,11.8,92,7,5.11,11.5,11
2024-05-06,2,12211250.7,3090749.7,14.9,67,11,18,0,27.26,13.2,8.1
2024-05-07,3,11937982.3,3134433.3,14.4,57,7.6,41,0,25.99,12.5,5.2
2024-05-08,4,12519094.4,3063014,10.4,75,12.2,95,13.7,7.21,7.7,5.9
2024-05-09,5,12313975,3105699.8,11.5,70,7.3,66,0.1,18.42,9.4,5.5
2024-05-10,6,12306643.1,3107371.3,11.7,64,8,70,0,22.11,9.4,4.3
2024-05-11,7,13245433.4,2858234.9,10.9,80,6.9,67,5.1,18.74,9.2,7.3
2024-05-12,1,13349578.6,2703834.7,11.8,84,6.2,72,1.2,19.93,10.7,8.8
2024-05-13,2,12471507.2,3061985.9,13.9,79,12.5,79,2.5,14.79,12.2,10
2024-05-14,3,12330217.8,3166109.5,16.4,80,9.6,69,20.4,18.15,16,12.7
2024-05-15,4,12172508.1,3140198.8,15.6,70,6.9,82,0.3,16.66,14.6,9.9
2024-05-16,5,12518460.5,3291234.9,16.7,71,8.4,49,0.6,22.13,16.1,11.2
2024-05-17,6,13096468,3324512.6,17.7,79,7.3,100,10,17.71,17.8,13.4
2024-05-18,7,14288533.4,3103013,18.2,77,8.1,51,1.5,19.85,18.4,13.7
2024-05-19,1,15338085.4,3108796.1,19.5,71,7.7,11,0,26.6,20,13.6
2024-05-20,2,17499757.9,3081130.7,21.3,68,7.6,77,0,26.16,22.1,14.6
2024-05-21,3,14803724.8,3455212.3,19.6,82,6.6,87,10.8,16.8,20.9,16.3
2024-05-22,4,16903835.3,3757555.9,21.8,79,10.1,69,0.3,22.8,23.2,17.4
2024-05-23,5,15589535.9,3607839.2,20.1,61,16.6,52,1.2,26.03,18.5,11.5
2024-05-24,6,13182330.2,3277807.6,14.8,58,15.4,42,0,21.28,11.7,6.5
2024-05-25,7,13395810.9,2943350.5,14.8,69,4.8,80,0,17.42,13.9,8.8
2024-05-26,1,14454638.9,2886306.2,17.6,73,4.2,88,0,18.24,17.7,12.2
2024-05-27,2,13744228.9,3257484.7,18.3,88,15.6,90,31.5,7.97,18.3,16.2
2024-05-28,3,13005706.4,3200159.9,16.5,77,16,94,2.4,14.24,15,12.4
2024-05-29,4,12534931.4,3129993.1,12.9,62,10.7,82,0,23.84,10.4,5.5
2024-05-30,5,12611464.4,3200908.5,13.8,57,11.1,17,0,28.22,11.4,4.9
2024-05-31,6,13180917,3315801.1,16.7,57,11.5,55,0,28.26,14.7,7.1
2024-06-01,7,15196447.9,3194803.9,18.9,57,9.3,71,0,28.98,17.9,9.5
2024-06-02,1,15747814.3,2995096.5,18.5,66,3.8,82,0,15.88,18.5,11.5
2024-06-03,2,16771956.9,3605328.3,20.9,63,5,23,0,28.98,21.6,12.8
2024-06-04,3,17948810.8,3815141.9,22.2,65,5.5,59,0,25.29,23.3,14.7
2024-06-05,4,19521146.2,4016884.3,24,67,6.4,60,0.2,26.41,25.9,16.8
2024-06-06,5,16055132.7,3662561.8,19.6,94,7.7,79,54.7,7.72,21.7,18.6
2024-06-07,6,13717433.5,3306146.4,16.8,86,7.8,74,8.1,19.62,17.3,14.4
2024-06-08,7,14071441.6,2976052.3,16.5,79,14.2,88,5.1,17.37,15.3,12.7
2024-06-09,1,14378926.7,2766376,15.5,78,12.9,78,4.8,19.08,14.1,11.5
2024-06-10,2,12845881.9,3030962.1,12.9,76,15.3,96,0.4,13.27,10.3,8.7
2024-06-11,3,12521333.2,3098930.3,13.3,74,5.5,100,0.1,11.5,12.3,8.8
2024-06-12,4,12956551.8,3249959.6,16.3,77,8.4,73,0.1,17.16,15.8,12.1
2024-06-13,5,14071801.9,3457620,20,74,12.6,64,4.5,22.16,20.1,15.1
2024-06-14,6,14473879.6,3415229.4,18.6,73,13.6,32,0.4,26.67,18.1,13.3
2024-06-15,7,13843871.3,2964321.4,14.5,62,9.9,40,0,27.53,12.7,7
2024-06-16,1,14290155.2,2860434.9,16.5,66,5,93,0,19.75,15.9,9.8
2024-06-17,2,17862549.6,3759811.7,22,74,9.2,59,0.4,24.54,23.6,17
2024-06-18,3,22167594.8,4289304.2,25.6,77,9.9,53,0.5,24.16,28.9,21.1
2024-06-19,4,23784574.8,4506075.2,27.2,75,12.3,83,0.7,21.82,30.5,22.1
2024-06-20,5,21641364.7,4316725,24.8,74,9.4,56,1.1,22.07,27.3,19.6
2024-06-21,6,15926123.3,3650738.6,20.7,67,8,80,0,16.03,20.9,14.1
2024-06-22,7,15503590.8,3185299.8,17.6,91,5.3,100,14.7,7.13,18.8,15.9
2024-06-23,1,17359349.5,3149023.4,20.2,97,13.2,87,45.1,10.46,22.1,19.7
2024-06-24,2,16073888.6,3508946.1,19.1,78,16,68,14.6,17.21,18.4,14.5
2024-06-25,3,16517116,3668768.4,21.5,70,13.9,59,1.1,24.45,21.6,15.3
2024-06-26,4,16961013.1,3749423,20.7,80,12.4,55,4.5,23.31,21.6,16.8
2024-06-27,5,13909395.2,3338919.8,15.5,67,14.3,43,0,25.55,13.4,9
2024-06-28,6,13953241.4,3385054.1,17.4,64,8.5,48,0,25.27,16.4,9.8
2024-06-29,7,15289521.7,3163090.4,19,89,11.8,99,15.8,6.87,20,17.1
2024-06-30,1,16709503.4,3176874.1,19.9,77,15.7,40,4.5,24.84,19.8,15.4
2024-07-01,2,16063409.6,2990159.8,19,63,9.5,30,0,29.01,18.6,11.4
2024-07-02,3,16936506.1,3676107.4,21.1,67,7.1,54,0,28.76,21.8,14
2024-07-03,4,17912477.7,3867918.8,22.2,74,12.2,94,11,18.11,23.1,17
2024-07-04,5,20305753.9,4120241.8,23.1,83,7.7,58,1.1,24.25,26.1,19.8
2024-07-05,6,21054147.4,4185691.7,23.9,78,5.8,64,1.7,24.9,27,19.4
2024-07-06,7,20241052.6,3701271.5,22.1,86,5.8,67,20.9,18.23,24.9,19.4
2024-07-07,1,20112924.8,3486479.6,22.4,83,6,53,0.5,20.98,25.2,19.2
2024-07-08,2,20592740.4,4034604.6,23.6,76,7.5,64,0.1,22.26,25.8,18.7
2024-07-09,3,19523403.5,4034397.9,23.3,84,7.6,88,2.5,19.15,26.3,20.3
2024-07-10,4,16195566.7,3642785.8,20.5,92,10.5,91,22.2,6.16,22.4,19.2
2024-07-11,5,15725920.2,3613640.9,21.1,85,8.6,91,3.7,11.73,22.9,18.4
2024-07-12,6,19423840,4016972.3,23.5,81,5.3,21,0.4,23.82,26.7,19.9
2024-07-13,7,21167662.9,3831416.9,23.7,75,7.8,18,1.7,26.76,26.2,18.6
2024-07-14,1,21857912.7,3669155,24.1,72,10.6,35,0,26.22,25.9,18.3
2024-07-15,2,21349877.9,4134096.9,23.2,85,8.8,87,4.8,16.66,26.1,20.4
2024-07-16,3,18830707.3,3968530.2,21.8,94,8.1,62,7.4,9.19,24.9,20.7
2024-07-17,4,19024994,3959216.8,22.2,81,10.1,53,0.9,20.65,24.1,18.7
2024-07-18,5,15048324.2,3502530.6,18.3,77,13.7,33,0.6,18.64,17.5,13.8
2024-07-19,6,16078879.2,3641008.8,20.1,69,10.2,23,0,24.08,20.1,13.8
2024-07-20,7,17389489.8,3459971.7,20.5,74,12.1,29,2.6,24.34,20.8,15.2
2024-07-21,1,17988578.8,3267619.2,18.9,71,7.1,17,0,24.83,19.1,13
2024-07-22,2,17655983.1,3724115,20.9,66,4.8,24,0,27.93,21.9,13.7
2024-07-23,3,18512593.1,3893980.1,21.6,70,7.7,57,0.2,24.84,22.7,15.7
2024-07-24,4,17053531.4,3729620.7,20.6,87,9.9,76,29.6,15.7,22.2,18.2
2024-07-25,5,14615983.5,3444423,18.3,80,16.8,65,1.2,16.65,17.5,14.7
2024-07-26,6,16632385.2,3685083.4,20.5,66,11.9,27,0,24.31,20.2,13.6
2024-07-27,7,18803084.4,3575583.9,22.5,69,8.2,53,0,26.86,23.7,15.8
2024-07-28,1,20513927.4,3538192.5,23.7,71,6.4,12,0,26.72,26,17.6
2024-07-29,2,19059903.5,3891917.3,24.3,72,3.5,37,0,20.48,27.1,18.7
2024-07-30,3,20644763.6,4116704.5,25.2,74,5.5,65,0.1,25.38,28.3,19.5
2024-07-31,4,20983557.5,4215132.6,24,87,5.3,67,16.5,16.11,28,21.6
2024-08-01,5,22881274.4,4420799.2,25.1,79,6.9,6,0,24.59,28.8,20.9
2024-08-02,6,22513417.1,4397133.6,25.6,82,5,86,0,17.95,29.8,21.9
2024-08-03,7,23193462.4,4127198.8,25.4,85,6.4,89,8.7,20.12,29.6,22.3
2024-08-04,1,22324312.9,3854197.2,23.7,78,7.2,34,2.2,20.78,26.4,19.5
2024-08-05,2,16658003.6,3144162.4,18.3,88,6.5,90,9.4,8.29,19.5,16.3
2024-08-06,3,14660322.8,3432110.9,19,75,4.6,87,0,19.29,19.7,14
2024-08-07,4,15572187,3575158.8,19.5,65,6.6,22,0,26.1,19.6,12.2
2024-08-08,5,15236446,3574617.4,19.7,80,10.2,81,1,18.33,20.5,15.9
2024-08-09,6,15713385.1,3537099.1,19.2,99,10.3,84,122.8,2.44,21.1,19
2024-08-10,7,16196246,3224810.7,19.6,76,12.8,18,1.3,23.31,19.5,14.9
2024-08-11,1,15461307.5,2932721,17.2,83,10.6,54,6.3,16.33,17.1,14.2
2024-08-12,2,14401310.2,3310049,17.4,81,10.5,43,0.8,19.95,17.2,13.9
2024-08-13,3,16312460.8,3650637.9,20.6,76,9.7,11,0.1,24.19,21.4,15.9
2024-08-14,4,18244462.1,3887783.5,21.8,75,9,54,0.1,21.8,23.2,16.8
2024-08-15,5,19429625.9,4042206.5,22.9,76,7.8,20,0,23.25,25,18.1
2024-08-16,6,19815358.6,4040154.2,23.5,75,5.9,38,0,23,26,18.4
2024-08-17,7,17959606.1,3472418.8,21.3,90,10.5,97,10.5,10.65,23.4,19.5
2024-08-18,1,18875092.9,3305047.5,20.7,93,8.4,98,22,9.6,23.1,19.5
2024-08-19,2,14279271.9,3216083.9,16.1,80,16.1,84,2,7.43,14.6,12.5
2024-08-20,3,13105219.6,3170862.7,14.7,73,14.6,43,2.4,15.41,12.6,9.9
2024-08-21,4,13128595.7,3171103,14.9,83,10.6,91,5.1,5.71,13.9,11.9
2024-08-22,5,13741766.3,3348329.7,18,71,9.5,53,0,20.05,17.6,12.5
2024-08-23,6,15115171.6,3508661.8,19.3,74,9.2,37,0,22.87,19.5,14
2024-08-24,7,16215183.1,3295623.6,20.3,75,8.6,45,0.1,20.07,21,15.3
2024-08-25,1,18763737.8,3325383.5,20.9,84,4.9,34,0.3,19.24,23.2,17.9
2024-08-26,2,19097826.6,3857904.7,21.7,78,3.2,18,0,21.16,24.2,17.4
2024-08-27,3,19180056.3,3954220.7,23,75,10.9,68,5.4,19.92,24.5,18
2024-08-28,4,15099555.4,3462473.8,16.5,75,13.5,66,0,13.39,15.3,12
2024-08-29,5,14049999.3,3377559.5,16,71,9.7,3,0,23.11,15,10.4
2024-08-30,6,14258717.6,3413951.7,18.5,82,10,57,0.7,13.92,19,15.4
2024-08-31,7,16294940.4,3282903.6,20.4,93,11.2,73,30.6,11.56,22.3,19.2
2024-09-01,1,15899037.8,3050261.8,18.7,78,12.2,40,7,16.98,18.5,14.7
2024-09-02,2,14494627.4,2678869.5,14.2,66,13.7,29,0,16.23,11.5,7.4
2024-09-03,3,13371690.2,3228616.9,16.4,70,10,20,0,20.87,15.4,10.7
2024-09-04,4,14015571.3,3380451.4,18.4,70,9.6,1,0,21.29,17.9,12.4
2024-09-05,5,14450883.8,3460643.9,18.7,72,8.4,0,0,21.19,18.7,13.1
2024-09-06,6,13743780.4,3328879.3,18.8,77,10.2,59,9.9,18.85,18.9,14.3
2024-09-07,7,14137185.1,2877205.1,14.4,89,12.9,97,24.1,5.22,13.5,12.6
2024-09-08,1,14307298.5,2651034.8,10.2,70,19.2,96,1.6,5.97,6.2,5
2024-09-09,2,12927026.6,3043328,14.1,75,9.9,40,0,17.38,12.5,9.5
2024-09-10,3,12819102.8,3141760.5,14.2,71,9,5,0,20.49,12.7,8.6
2024-09-11,4,13337472.9,3300271.8,16.9,80,7.4,42,0,19.26,16.9,13
2024-09-12,5,14268857.9,3452298.3,19.2,76,5,28,0,18.39,20.1,14.6
2024-09-13,6,15595385.5,3598166,20,83,2.5,5,0,18.4,22.2,16.8
2024-09-14,7,17553782.7,3411168.2,20.3,82,3.7,3,0,18.05,22.3,16.8
2024-09-15,1,18635155,3260687.7,20.9,83,5,11,0,18.38,23,17.5
2024-09-16,2,17433126.8,3667515.7,21.5,77,5.8,8,0,18.86,23.3,17
2024-09-17,3,16875016,3683462.4,21.2,77,5.4,17,0,18.36,22.8,16.5
2024-09-18,4,15865011.7,3616194.3,20.1,77,3,73,0,17,21.6,15.7
2024-09-19,5,16215293,3664544.5,20.4,76,4.4,23,0,18.19,21.8,15.6
2024-09-20,6,15822387.8,3606559.5,19.8,78,10,6,0,17.87,20.4,15.6
2024-09-21,7,15927754.7,3233527.3,19,79,11.3,57,0,15.2,19.1,15.1
2024-09-22,1,15623540.2,2967637.7,17.8,74,11.3,58,0,16.37,17.1,12.9
2024-09-23,2,13185712.1,3155735.2,15.8,93,9.1,98,6.4,3.55,16,14.7
2024-09-24,3,12697742.5,3162930.1,16.8,77,12.1,89,0.3,11.97,15.7,12.3
2024-09-25,4,12676299,3123606.5,15.7,89,14.1,100,8.1,4.23,14.8,13.7
2024-09-26,5,13026836,3273796.2,17.6,76,14.1,30,6.7,15.34,16.5,12.9
2024-09-27,6,13034891.6,3256929,16.2,80,7.6,29,0,12.78,15.9,12.5
2024-09-28,7,13785245.1,2998192.5,16.3,81,9.4,12,0,16.66,15.9,12.8
2024-09-29,1,14489443.5,2868469.6,17.1,81,6.9,16,0,15.37,17.3,13.5
2024-09-30,2,13615316.4,3197361,16.7,73,9.2,0,0,16.4,16,11.7
2024-10-01,3,12830426.6,3216930,16.7,78,10,20,0,13.72,16,12.5
2024-10-02,4,12471631.1,3088619.9,14.7,83,9.3,65,12.6,6.12,13.9,11.7
2024-10-03,5,12392045.3,3133819.3,14.8,78,10.9,18,0,15.64,13.5,10.6
2024-10-04,6,12524512.3,3152315.5,15.6,79,6.8,56,0,13.1,15.1,11.7
2024-10-05,7,13307831.9,2852861.6,12.6,69,7.6,4,0,15.88,10.8,6.6
2024-10-06,1,13900138.4,2684789.2,12.1,82,9.8,86,12.1,11.4,10.4,8.7
2024-10-07,2,12679603.8,2985618.2,11.1,81,10.2,38,2.1,8.96,9,7.7
2024-10-08,3,12932041.8,3074660.5,9.7,79,6.3,46,0.2,13.46,7.8,6
2024-10-09,4,13634734.3,3142389.1,7.7,83,11.2,73,0.3,7.28,4.9,4.9
2024-10-10,5,13801370.1,3208597.3,7.9,76,14.6,39,0,8.54,4.3,3.7
2024-10-11,6,13581905.8,3177671.4,11.7,78,13.5,49,0.1,13.38,9.2,7.7
2024-10-12,7,14109603.5,2874934.6,9.8,64,16.6,50,0,12.43,5.8,3
2024-10-13,1,15037260,2775418.2,7.5,66,8.1,83,0,12.14,4.4,1.3
2024-10-14,2,15684324.8,2684533,6.8,66,16,75,0.1,6.39,2.5,0.9
2024-10-15,3,14335007.4,3196600.6,5.6,79,16,68,1.6,5.89,1.6,2.3
2024-10-16,4,14070737,3223899,6.6,67,13.1,39,0,7.3,2.7,0.6
2024-10-17,5,13815933.9,3245897,7.2,76,7.6,2,0,13.46,4.5,2.9
2024-10-18,6,13429135.2,3204563.5,8.9,73,7.4,0,0,13.4,6.4,4
2024-10-19,7,13863533.1,2910480.6,10.4,80,8.6,0,0,12.96,8.3,6.7
2024-10-20,1,13822911.8,2741810.6,12.9,74,11.9,44,0,12.25,10.7,8
2024-10-21,2,12282143.5,3110740.1,15.9,72,9.9,36,0,12.06,14.7,10.6
2024-10-22,3,12083395.3,3149435,14.7,78,10,56,0,11.32,13.5,10.6
2024-10-23,4,12054944.2,3113707.2,15.2,72,14.7,92,1.8,5.41,13.1,10
2024-10-24,5,12944264.4,3151743.7,7.4,66,8.9,62,0,6.65,4.3,1.4
2024-10-25,6,13978870.1,3195911.6,6.3,79,4.8,71,0,7.86,3.9,2.6
2024-10-26,7,14568921.6,2925047.9,6.6,67,17,38,0.1,10.02,2.1,0.5
2024-10-27,1,16251133.4,2913603.4,3.7,66,13.3,63,0,6.11,-0.6,-2.2
2024-10-28,2,14753083.2,3288426.3,2.3,53,7.4,64,0,11.67,-1.7,-6.7
2024-10-29,3,14563997.7,3316951.3,6.4,73,10.5,98,8.3,5.49,3.2,1.7
2024-10-30,4,12521298,3198940.3,14.8,85,13.2,99,0,7.91,13.6,12.1
2024-10-31,5,11944136,3195107.1,18.6,76,17.5,81,1.3,9.35,17.4,14
2024-11-01,6,12648974.2,3095924.8,11.2,75,17.5,80,4.8,7.79,8,6.7
2024-11-02,7,15274840.5,2964023.6,3.4,62,9.3,64,0,6.52,-0.5,-3.3
2024-11-03,1,16380191.1,2916548.6,1.6,72,4.7,63,0,10.01,-1.6,-3.2
2024-11-04,2,15016160.8,3289103.1,3.8,91,10,100,8.7,1.74,0.6,2.3
2024-11-05,3,12850662.8,3165886.1,14.3,78,14.7,95,0.7,2.69,12.3,10.4
2024-11-06,4,12023350.4,3123290.1,15.9,76,15.8,83,0.9,6.4,14.1,11.6
2024-11-07,5,12750570.3,3143902.6,8.5,66,13.1,48,0,8.71,4.9,2.3
2024-11-08,6,13933900.7,3192757.4,8,62,19.7,56,0.1,6.32,3.2,0.9
2024-11-09,7,15477356.4,3010399.4,3.4,65,9.6,15,0,9.04,-0.5,-2.6
2024-11-10,1,16324015.2,2918691,3.6,83,6.5,84,2.7,5.17,0.7,0.6
2024-11-11,2,14169453.2,3127946.5,8.9,90,14.9,93,11.6,3.69,6,7.3
2024-11-12,3,14934425.2,3363151.3,2.3,64,16.8,44,0,7.74,-2.8,-4
2024-11-13,4,15658901.1,3491037.9,-0.2,69,7,1,0,9.16,-4.1,-5.5
2024-11-14,5,16137217.4,3566192.5,-0.1,56,12.2,92,0,5.73,-5,-8.1
2024-11-15,6,15224914.2,3421414.5,2.9,51,8.1,90,0,8.32,-1.3,-6.6
2024-11-16,7,15251022.9,3054019.5,5.3,53,11.5,26,0,8.66,1,-3.7
2024-11-17,1,16457305.3,2983713.8,2.6,70,4.5,63,0.1,5.82,-0.5,-2.5
2024-11-18,2,14272257.3,3248489.4,6.5,83,11,58,1.4,7.13,3.4,3.6
2024-11-19,3,14310693.2,3299290.6,5.6,82,6.9,44,0,7.24,2.9,2.6
2024-11-20,4,14620225.9,3356488.2,4.9,85,13.4,78,0,6.36,1.2,2.4
2024-11-21,5,14806033.7,3388010.9,5.2,96,11.7,100,16.1,0.88,2.2,4.6
2024-11-22,6,15163101.2,3385138.8,5.2,89,17.9,93,9.3,1.38,1.1,3.6
2024-11-23,7,15868841.5,3095730,4.7,83,12.3,90,1.1,3.82,1.1,1.9
2024-11-24,1,17129210.8,3078365.9,1.6,67,18.1,69,0,5.03,-3.7,-4.1
2024-11-25,2,16332336.9,3508415.6,0.1,76,7.3,47,0,7.45,-3.6,-3.8
2024-11-26,3,16177888,3550721.8,1.1,91,11.6,84,6.3,1.18,-2.8,-0.3
2024-11-27,4,16011989.9,3561884.3,2.1,71,15.4,69,0.3,5.24,-2.7,-2.7
2024-11-28,5,16278006,3599671.6,0.2,84,4.4,82,0.9,2.28,-2.8,-2.1
2024-11-29,6,16766720.9,3632537.5,0.2,80,10.4,81,0.5,4.66,-3.8,-2.9
2024-11-30,7,17927753.5,3378626.2,0,73,11.3,77,0.1,4.41,-4.4,-4.5
2024-12-01,1,18950007.2,3317627.4,-1.7,72,10.1,76,0.8,3.32,-6.1,-6.1
2024-12-02,2,18167869.4,3760775.1,-2.4,77,8.2,78,0.1,3.81,-6.5,-6.1
2024-12-03,3,17827603.8,3817915.8,-2.9,71,8.6,70,0,5.36,-7.2,-7.7
2024-12-04,4,18654359,3878263.7,-2,85,14.4,100,9.4,1.63,-6.8,-4.2
2024-12-05,5,17965990.5,3843734.9,-1,84,15.8,94,4.2,4.09,-5.8,-3.3
2024-12-06,6,19364231.6,4022526.5,-7.8,71,11.8,61,0,5.46,-12.9,-12.1
2024-12-07,7,19867997.7,3703853.9,-6.9,79,7.3,80,6.9,4.86,-11.2,-10
2024-12-08,1,19096572.9,3426570.6,-1.5,84,14.7,75,8.4,5.25,-6.2,-3.9
2024-12-09,2,19377504.6,3951482.2,-6.9,84,15.1,100,3.8,3.36,-12.3,-9.2
2024-12-10,3,18176922.9,3869373.3,-0.5,95,8.6,100,5.7,2.15,-4.1,-1.2
2024-12-11,4,17374828.6,3791028.6,1.4,95,8,100,13.3,1.79,-1.8,0.6
2024-12-12,5,18669507.6,3961966.9,-4.4,77,17.1,59,4.2,4.66,-9.9,-7.9
2024-12-13,6,19600646.3,4069339.5,-9,71,8.7,13,0,7.18,-13.8,-13.4
2024-12-14,7,20758826.8,3844572.7,-11.9,76,3.6,11,0,7.14,-16,-15.3
2024-12-15,1,21419888.4,3744079.7,-11.2,82,10,91,0.1,5.32,-16.1,-13.6
2024-12-16,2,18471447,3872594.1,-0.3,90,9.4,100,0.4,2.36,-4,-1.8
2024-12-17,3,17023555.3,3712924.5,3.4,86,15.8,89,8.4,2.7,-0.8,1.3
2024-12-18,4,17496141.4,3773486.3,0.4,93,8.3,100,2.8,1.72,-3,-0.6
2024-12-19,5,18655301.9,3967785.2,-7.5,76,10.8,77,0,6.49,-12.4,-11.1
2024-12-20,6,20572606.1,4145853.3,-10.6,76,7.6,97,0.3,4.77,-15.2,-14
2024-12-21,7,22448332.6,4015136.4,-13.6,71,14.3,53,0.3,6.17,-19.4,-17.7
2024-12-22,1,23801141.2,4054994.5,-17.4,71,5.6,5,0,7,-22.1,-21.4
2024-12-23,2,22662207.9,4232652.2,-12.5,78,6.4,90,10.3,3.33,-17,-15.6
2024-12-24,3,20859578.6,3750451,-7.7,82,7.2,66,3.7,6.54,-12,-10.3
2024-12-25,4,21364737.3,3416539.1,-10.3,86,3.8,99,0,5.08,-14.3,-12.2
2024-12-26,5,20523508.5,3592030.5,-9.2,87,3.9,89,0,4.31,-13.1,-11
2024-12-27,6,19858691.5,3796978.2,-8.5,91,6.7,99,0,3.72,-12.7,-9.7
2024-12-28,7,20036764.7,3648101.3,-4.5,90,9.9,96,0.3,3.26,-8.8,-5.9
2024-12-29,1,18855410.1,3398896.2,1.3,97,9.5,100,6.6,1.59,-2.1,0.9
2024-12-30,2,17329120.7,3473988.7,3.6,91,15.1,87,5,3.52,-0.4,2.3
2024-12-31,3,17539076.4,3377297.9,2.2,85,9.9,93,0,5.49,-1.4,-0.1
2025-01-01,4,18439663.2,3173803.6,0.7,93,13.3,100,6.9,1.44,-3.4,-0.4
2025-01-02,5,18991769.5,3771585.1,-2.5,76,23.5,100,0.5,4.28,-8.9,-6.1
2025-01-03,6,19996289,3962779.5,-7.7,71,16.9,100,0,4.87,-13.6,-12.1
2025-01-04,7,22068033.4,3932965.1,-10.9,70,14.4,99,1.3,3.88,-16.6,-15.3
2025-01-05,1,22094156.8,3834058.4,-12.5,71,8.6,72,0.2,5.91,-17.4,-16.7
2025-01-06,2,21915836.9,4330558.3,-13.4,72,9.8,31,0,6.67,-18.6,-17.4
2025-01-07,3,21618625.7,4359672.1,-10,69,21.6,93,0.3,5.7,-16.7,-14.6
2025-01-08,4,22576317.3,4518828.2,-13.9,69,19,99,0.5,5.39,-20.4,-18.3
2025-01-09,5,21955494.2,4451292.9,-10.4,72,18.7,75,0,5.64,-16.7,-14.4
2025-01-10,6,20874438.9,4279250.2,-10.2,71,8.8,70,0,7.7,-15,-14.5
2025-01-11,7,20607620.8,3823308.6,-7.6,80,5.7,78,1,5.35,-11.7,-10.5
2025-01-12,1,20817621.8,3703895.7,-6.2,81,4.4,74,0.4,6.08,-10,-9.1
2025-01-13,2,19154288.2,3991482,-3.2,90,10,96,7,1.95,-7.4,-4.6
2025-01-14,3,19726944.9,4122681.4,-5.4,78,17.6,94,0.5,5.02,-11.1,-8.6
2025-01-15,4,20355882.6,4225211,-9.8,78,10.8,66,0,6.31,-14.8,-12.9
2025-01-16,5,20008419.2,4166010.5,-8.3,84,6.3,100,0.9,3.78,-12.6,-10.7
2025-01-17,6,19003731.2,4007616.1,-5.1,86,6.6,83,0,6.57,-9.1,-7.2
2025-01-18,7,19524673.4,3666214.9,-0.1,83,17.6,98,5.9,1.4,-5.1,-2.7
2025-01-19,1,22246053.7,3877367.2,-13.2,72,8.3,81,0,6.81,-18.1,-17.2
2025-01-20,2,22344344.6,4442484,-17.9,69,7,51,0,9.19,-22.8,-22.4
2025-01-21,3,22684203.1,4537970,-16.8,71,5.5,42,0,8.56,-21.4,-20.9
2025-01-22,4,22973712.1,4597005.8,-15.5,69,7.8,42,0.5,9.03,-20.5,-20.1
2025-01-23,5,21372501.8,4390394.6,-8.9,81,9.3,91,4.8,4.05,-13.6,-11.6
2025-01-24,6,21515826.1,4411095.9,-15.8,76,6.2,0,0,9.69,-20.5,-19.1
2025-01-25,7,22813455.6,4151203.6,-12.9,78,6.4,65,0.5,7.34,-17.4,-15.9
2025-01-26,1,20803625.5,3749232.6,-4.7,75,16,71,0.5,8.14,-10.1,-8.4
2025-01-27,2,19847848.3,4095411.6,-3.3,74,26,97,0.8,5.65,-10,-7.3
2025-01-28,3,20740884.3,4308131,-13.6,70,13.7,70,2.9,9.64,-19.3,-18
2025-01-29,4,21076252.8,4328018.3,-11.1,75,14.3,91,4.2,6.66,-16.7,-14.7
2025-01-30,5,21888240.1,4503190.2,-14.9,73,6.7,43,0.7,9.84,-19.6,-18.7
2025-01-31,6,20247860.5,4222534,-6.7,77,9.1,90,0,7.08,-11.3,-10.1
2025-02-01,7,22954329.7,4205276.6,-17.4,67,11.1,7,0,11.06,-22.9,-22.2
2025-02-02,1,24746338.2,4218688.4,-17.7,76,8.8,95,1.9,5.34,-22.8,-20.9
2025-02-03,2,20960471.1,4259585.5,-6,87,9.1,96,4.2,3.19,-10.4,-7.9
2025-02-04,3,20045240.2,4253403.6,-9.9,71,13.5,43,0,8.81,-15.4,-14.3
2025-02-05,4,21859789.6,4493648,-18.3,71,5.5,8,0,11.59,-23,-22.3
2025-02-06,5,22479264.5,4523340.4,-13,84,11,98,4.4,2.28,-18.2,-15.2
2025-02-07,6,20352332.9,4258881.7,-6.5,72,20,46,0.6,10.89,-12.7,-10.8
2025-02-08,7,20940921.6,3948100,-9.1,74,6.9,72,0.4,11.24,-13.6,-12.9
2025-02-09,1,21091277.4,3788478.9,-7.1,82,7.3,93,3.1,8.16,-11.4,-9.7
2025-02-10,2,19982424.6,4173667,-11.8,68,6.2,35,0.2,12.32,-16.3,-16.6
2025-02-11,3,20193902.7,4250409.6,-9.4,69,11.5,69,0.3,10.92,-14.6,-14.2
2025-02-12,4,21672221.1,4463997.7,-16.5,65,9.9,67,1,12.34,-21.8,-21.6
2025-02-13,5,22023418.2,4213357.1,-7.9,81,19.8,95,18.1,3.14,-14.1,-10.6
2025-02-14,6,20840750.5,4330749.8,-12.3,68,12.7,34,0,13.19,-17.8,-17.1
2025-02-15,7,22307689,4077635.9,-12.5,76,11.2,100,4.4,7.87,-17.7,-15.8
2025-02-16,1,23192244.1,3929435.1,-9.3,81,21.2,100,20.6,2.25,-15.7,-11.9
2025-02-17,2,22983144.3,4011295.4,-13.5,67,24.1,65,0.5,13.38,-20.7,-18.4
2025-02-18,3,22411024.9,4548366.7,-15.6,64,18.7,81,0,11.71,-22.2,-21
2025-02-19,4,21910373,4518726.6,-15.4,70,10.1,56,0,13.76,-20.6,-19.6
2025-02-20,5,21361064.7,4438544.8,-11.9,73,10.6,72,0.5,9.83,-17.1,-15.8
2025-02-21,6,21234627.9,4384388.2,-11.2,68,13,34,0,13.71,-16.7,-16.1
2025-02-22,7,22099904.1,4066392,-9.5,77,9.9,58,0.5,13.16,-14.3,-12.8
2025-02-23,1,20562732.8,3708635.5,-3.2,78,9.3,94,0.7,10,-7.5,-6.7
2025-02-24,2,18392477.5,3903514.1,0,80,15.7,89,3.6,5.84,-4.8,-3.1
2025-02-25,3,17206575.2,3785290.9,1.3,87,5.6,81,1,7.58,-1.8,-0.8
2025-02-26,4,16925821.6,3791607.1,-2.9,75,9,45,0,14.77,-7.1,-6.8
2025-02-27,5,18112959.3,3923090.5,-3.9,91,8.3,80,4.8,4.63,-7.9,-5.2
2025-02-28,6,19236903.9,4072386.7,-9.7,68,15,69,3.1,14.17,-15.4,-14.7
2025-03-01,7,21520161.2,3947602.8,-8.9,75,17,87,1.1,8.47,-14.8,-12.6
2025-03-02,1,23394793.8,4053004.5,-17.7,66,11.7,26,0,16.22,-23.3,-22.6
2025-03-03,2,21266876,4283132.1,-12.4,75,6.9,52,0.2,14.82,-16.9,-16.1
2025-03-04,3,18797398.8,3996785,-1.2,87,7.5,100,7.6,5.66,-4.9,-3.2
2025-03-05,4,17694684.8,3839714.5,1.7,93,13.1,100,11.6,5.35,-2.2,0.6
2025-03-06,5,18155776.6,3891414.9,0.3,86,16.4,100,4,6.79,-4.4,-1.8
2025-03-07,6,18920217.8,3990305.6,-5.8,69,19.9,34,0.4,16.96,-11.9,-10.7
2025-03-08,7,19975789.9,3753781.8,-7.2,68,19.8,46,0,14.16,-13.5,-12.1
2025-03-09,1,19028435.6,3494077.9,-3.3,76,10.9,88,2.2,13.33,-7.8,-7.1
2025-03-10,2,16593589.4,3643683.4,-0.5,81,6.8,88,0,14.06,-4.1,-3.6
2025-03-11,3,16064902.8,3609782.3,1.2,72,14,62,4.7,13.56,-3.3,-3.4
2025-03-12,4,17994864.3,3854304.6,-8.1,61,4.9,71,0,15.08,-12.3,-14.4
2025-03-13,5,17592717.2,3813085.6,-5.1,70,6.4,72,0,17,-9.2,-9.8
2025-03-14,6,16257252.7,3587683.7,-1.2,74,4.2,65,0,18.23,-4.5,-5.4
2025-03-15,7,15850021.1,3160129.1,4.8,78,9.1,94,0.2,15.19,1.6,1.2
2025-03-16,1,16267018.6,3021713.2,8.9,92,16.4,99,14.4,5.25,5.9,7.7
2025-03-17,2,16552179.9,3581614.5,-1.1,74,11.5,57,0,14.27,-5.5,-5.4
2025-03-18,3,16227074.3,3589812,-0.9,71,7.7,35,0,18.72,-4.7,-5.9
2025-03-19,4,14826317.4,3433631.3,4.8,72,10.1,76,0,17.19,1.3,0.1
2025-03-20,5,14922111.2,3386235.7,8.6,72,15.4,95,12,8.37,4.8,3.4
2025-03-21,6,16321350.7,3556436.2,0.3,54,14.8,23,0,19.99,-4.8,-8.2
2025-03-22,7,18447939.9,3397322.9,-0.1,66,14.7,76,1.6,7.56,-5,-5.9
2025-03-23,1,19641892.4,3419568.7,-4.9,41,8.5,32,0,20.56,-9.6,-16.7
2025-03-24,2,17781795.8,3683099.3,1.2,64,14.5,88,4,11.82,-3.6,-5.2
2025-03-25,3,17065345.7,3660071,1.4,81,12.3,92,1.7,8.33,-2.8,-1.6
2025-03-26,4,17151484.4,3690045.9,-0.4,72,10.8,74,0.2,10.48,-4.7,-4.9
2025-03-27,5,16577539,3638444,1.4,55,13.2,42,1.4,20.39,-3.3,-7.3
2025-03-28,6,17378321,3656934.1,-1.9,62,9.4,88,3,15.02,-6.4,-8.7
2025-03-29,7,18508069.7,3393403.3,-3.2,71,11,97,12.7,16.63,-7.7,-7.8
2025-03-30,1,16339767.8,3022310.7,-0.8,84,14,100,12.9,6.07,-5.3,-3.2
2025-03-31,2,14586983.7,3318702.9,3.7,89,12.2,100,5.2,8.02,0.2,1.9
2025-04-01,3,15303500.2,3519032.7,-3.5,62,13.8,30,0,23.28,-8.5,-10
2025-04-02,4,17020696.8,3709481.1,-4.2,65,13.5,97,3.3,16.6,-9.3,-10
2025-04-03,5,14959242.5,3481749.6,7.5,77,18.6,83,14.5,12.93,3.3,3.1
2025-04-04,6,14425322,3360894.3,4.8,64,11.3,53,0,21.47,0.9,-2
2025-04-05,7,16849964,3207617.1,3.1,87,11.5,100,10.9,2.33,-0.5,1
2025-04-06,1,16770457.4,3061508.6,3.2,67,13.7,89,0,19.4,-1.1,-3.3
2025-04-07,2,15820455.2,3424059.8,2.4,61,8.7,66,2.2,18.07,-1.5,-5
2025-04-08,3,17891236.1,3731119,-3.9,75,16.5,83,9.9,13.04,-9.3,-7.9
2025-04-09,4,17518296.2,3738604.3,-5.5,69,7,12,0,24.63,-9.5,-10.6
2025-04-10,5,16754058.6,3616538.4,-1.2,70,5.8,62,0.3,20.26,-4.6,-6.2
2025-04-11,6,16782201.5,3559542.8,1.9,91,8.4,100,4.4,8.41,-1.4,0.6
2025-04-12,7,16444517.6,3144780.8,5.5,76,7,88,0,14.43,2.6,1.1
2025-04-13,1,15738956.8,2926686.5,6.8,65,3.5,20,0,20.29,4.3,0
2025-04-14,2,14284822.2,3212433.1,8.2,65,6.7,53,0.3,20.03,5.6,1.4
2025-04-15,3,14831002.3,3292684.2,5.6,81,13.3,77,7.2,14.08,1.9,2.4
2025-04-16,4,16460903.8,3517298.3,1.1,69,21.4,84,1.1,9.78,-4.7,-4
2025-04-17,5,15243179.5,3412797.6,3.1,54,11.2,10,0,25.29,-1.1,-5.9
2025-04-18,6,16136241.4,2910520.8,6.6,70,5.7,73,5.2,10.42,4,1.4
2025-04-19,7,14565004.4,2900402.3,13.1,80,14.5,99,4.1,13.96,10.9,9.4
2025-04-20,1,15503360.6,2771211.6,4.9,55,13.6,50,0,24.85,0.6,-4.2
2025-04-21,2,15879985.3,3127315.3,5.4,69,12,93,8.2,12.77,1.6,-0.5
2025-04-22,3,14480495.7,3241377.9,8.1,72,15.8,88,0,9.05,4.3,3.1
2025-04-23,4,13830547.8,3218377.5,7.8,66,12.1,27,0,23.57,4.3,1.2
2025-04-24,5,13316545,3175326.2,10.3,72,7.9,72,1,20.2,8.4,5.2
2025-04-25,6,12991256.3,3094002.3,10.9,67,10.9,100,0.7,14.34,8.2,4.9
2025-04-26,7,15166242,2901392,8.5,88,11.7,100,13.6,6.08,5.9,6.5
2025-04-27,1,15183225.7,2795345.9,9.8,61,19.9,38,6.1,24.08,5.3,1.1
2025-04-28,2,13019613,3103628.5,12.4,55,9.6,42,0,25.55,9.8,2.9
2025-04-29,3,12452719.5,3085594.5,15.8,64,17.7,74,2.9,19.52,13.3,8.8
2025-04-30,4,13342302.3,3132456.8,4.3,60,12.8,52,0,26.14,0.3,-2.9
2025-05-01,5,13708074.5,3154445,8.4,71,8.6,81,6.4,19.93,5.7,2.9
2025-05-02,6,13118923.2,3121848.7,13.4,81,15.2,81,4.4,13.72,11.2,9.8
2025-05-03,7,14112742.3,2845360.8,9.7,69,7.6,100,0,18.12,7.3,3.9
2025-05-04,1,14185427.4,2725356.2,12.6,58,8.9,90,0,26,10.3,3.9
2025-05-05,2,12715051.1,3030064.3,13.6,61,15.1,98,3.4,18.84,10.6,5.8
2025-05-06,3,12571638.3,3131421.3,16.1,85,11.7,92,7.8,16.26,15.6,13.4
2025-05-07,4,12659438,3082047.2,12.7,84,10.7,91,5.1,13.81,11.1,9.8
2025-05-08,5,13425552.1,3120808.2,8.4,70,10.4,95,1.6,12.92,5.3,3
2025-05-09,6,13592612.1,3123357.3,9,78,7.1,100,0,10.67,6.9,5.3
2025-05-10,7,13781330.3,2908019.7,12.4,66,11.5,35,0,26.35,10.1,5.6
2025-05-11,1,14030246.8,2743605.6,9,54,8.8,14,0,28.79,6,-0.4
2025-05-12,2,13082612.2,3154465.3,14.6,60,7.9,31,0,27.19,13,6.4
2025-05-13,3,13285647,3277981.4,17.3,66,10.1,74,0,26.19,16.5,10.6
2025-05-14,4,13900026,3343993.3,18.7,73,6.5,66,0,22.56,19.1,13.4
2025-05-15,5,13762101.4,3337220.1,18.3,83,5,90,1.4,12.19,19.3,15.2
2025-05-16,6,15378909.1,3509583.9,19.7,81,7.5,50,0.5,21.83,20.8,16
2025-05-17,7,14785120.6,2990271.1,16.3,89,8.6,80,14.4,12.08,16.6,14.5
2025-05-18,1,14482209.3,2780080.8,11,80,14.7,99,2.8,8.41,8.3,7.7
2025-05-19,2,15253365.3,2687165.7,7.1,65,17.3,85,0,13.02,2.6,0.9
2025-05-20,3,13448660.8,3093157.7,9.6,67,10.3,84,0,14.73,6.6,3.6
2025-05-21,4,13466438.7,3099908.2,10.9,81,12.2,100,2,7.25,8.5,7.7
2025-05-22,5,14153947.1,3159233.2,8.9,83,17.6,100,5.5,5.15,5.3,6.1
2025-05-23,6,14302820.9,3177381.7,8.4,87,11.3,100,4.4,5.06,5.9,6.4
2025-05-24,7,14835917.7,2921074,9.5,84,7.1,100,4.1,9.15,7.6,6.7
2025-05-25,1,14648585.2,2755625.6,12.6,77,7.5,68,0.2,20.75,11.2,8.4
2025-05-26,2,13460833.6,3149932.7,14.9,72,7.7,18,0.2,26.45,14,9.5
2025-05-27,3,13869275.6,3286247.5,17,60,6.2,9,0,27.3,16.2,8.4
2025-05-28,4,14339133.7,3371981.3,18.5,58,5.3,42,0,28.31,18.1,9.4
2025-05-29,5,13263584,3176606.3,15.2,86,7.6,97,10.5,9.11,15,12.8
2025-05-30,6,13503828,3222013.2,16,83,8.9,94,2.8,18.35,15.7,12.8
2025-05-31,7,14472727.2,2869522.8,10.7,78,17.3,98,3.1,6.97,7.4,6.8
2025-06-01,1,15135091.7,2727826.1,9.8,73,16.2,97,0.6,9.62,6.2,5
2025-06-02,2,13404173.8,3080891.2,13.6,66,10.2,8,0,28.67,11.7,6.8
2025-06-03,3,13441414.9,3224701.4,17,68,8.8,29,0,28.14,16.3,10.6
2025-06-04,4,16251902.6,3589848,21.7,67,12.7,55,0,28.15,22,15
2025-06-05,5,15965316.8,3515852.5,19.6,78,8,82,1.2,17.33,20.4,15.5
2025-06-06,6,15586105.5,3452139.2,20,60,4.9,73,0,25.08,19.9,10.9
2025-06-07,7,16403188.6,3197078.8,20.3,47,12.7,27,0,27.73,18.4,8.2
2025-06-08,1,15940890.7,2933671.2,19.5,41,9.9,44,0,28.65,17.3,4.9
2025-06-09,2,14030077.3,3172430.3,18.4,80,11.5,90,8.4,8.42,18.3,14.7
2025-06-10,3,14644241.8,3340107.4,19,74,15.8,37,8.7,25.74,18.1,13.6
2025-06-11,4,14526043.6,3375490,18,70,13.2,45,1.5,22.2,16.9,12.2
2025-06-12,5,13980499.6,3286226.8,15.7,72,15.2,44,0,26.42,13.9,10.3
2025-06-13,6,13243738.9,3165817.7,13.5,64,6.1,85,0,23.2,11.9,6.6
2025-06-14,7,14464839.8,3005760.2,15.8,55,7.5,19,0,30.43,14.3,6.2
2025-06-15,1,15647622.6,2948949.4,17.9,54,4.8,8,0,28.97,17,7.4
2025-06-16,2,16025086.9,3466973.8,20.6,54,4.6,64,0,29.25,20.4,9.6
2025-06-17,3,16993481.6,3641068.3,22,71,11.1,78,0.4,15.45,22.4,16
2025-06-18,4,18929024.3,3869819.7,23.8,73,10.2,99,1.5,20.96,25.6,18.3
2025-06-19,5,17800360.3,3751928.8,22.1,80,11.7,85,5.4,15.84,23.6,18.4
2025-06-20,6,15161501,3397347.9,17.6,71,17.8,41,7.1,26.96,15.9,11.7
2025-06-21,7,17180756,3333973.8,20.9,64,8.2,62,1.7,26.12,21.2,13.3
2025-06-22,1,22176633.4,3550874.1,24.4,79,12.3,77,15.9,24.59,26.8,20.3
2025-06-23,2,26028901,4467089.5,27.8,71,10.2,45,0,27.66,31.4,21.6
2025-06-24,3,26163563.5,4569454.7,27.2,75,11.6,37,0.5,25.38,30.8,22.2
2025-06-25,4,21586966.6,4126062.9,23.7,55,10.6,39,0,28.29,23.7,13.4
2025-06-26,5,14698156,3422012.3,18.9,45,9.5,76,0.4,11.07,16.6,6.5
2025-06-27,6,14510022.3,3381448.2,19.6,63,11.4,96,13.7,13.83,18.7,11.7
2025-06-28,7,18011728.5,3408672.4,21.5,78,17,64,11.1,21.78,21.9,17.3
2025-06-29,1,17775188.9,3250528.5,20.5,73,9.7,78,0.2,18.86,20.8,15.2
2025-06-30,2,20360131,3875217.2,23.8,69,8,57,0.3,27.94,25.6,17.1
2025-07-01,3,21925573.4,3558327.7,23.3,84,10.2,72,14.3,20.43,25.9,20.3
2025-07-02,4,20226412,3961826.2,22.9,72,10.3,18,0,27.58,24.4,17.2
2025-07-03,5,17043743.2,3674949.7,19.8,71,11.1,50,6.7,21.14,19.7,14.1
2025-07-04,6,16269499.3,3588178.1,18.9,64,8.1,33,0,26.76,18.5,11.6
2025-07-05,7,18871251,3569901.6,22.4,66,9.3,85,0,21.61,22.9,15.2
2025-07-06,1,23356826.8,3772946.8,25.8,72,9.8,65,0.2,20.38,28.4,20
2025-07-07,2,18017129.9,3680028.7,20.7,92,9,91,30.9,10,23,19.4
2025-07-08,3,17552391.9,3722845.1,21.4,74,3.6,59,0,25.51,23.3,16.2
2025-07-09,4,18808652.4,3890058.9,22.3,78,3.5,67,5.6,24.21,25.1,18.1
2025-07-10,5,19984281.7,4039240.5,21.7,84,4.1,33,2.7,23.45,24.5,18.8
2025-07-11,6,21672502.1,4210539.4,23.7,77,3.5,59,0,25.98,26.9,19
2025-07-12,7,24167908.9,4137173.3,25.9,73,6.6,43,0.2,26.83,29.2,20.2
2025-07-13,1,24584746.8,3914998.5,24.8,84,8.1,57,31.7,18.82,28.6,21.9
2025-07-14,2,21638199.6,4078642.6,23.8,74,7.3,45,0,26.06,26.2,18.5
2025-07-15,3,22415772,4257812.3,24.9,71,6.9,30,0,27.03,27.6,19
2025-07-16,4,24460814.1,4484181.3,27.1,63,10,51,0,26.64,29.2,18.8
2025-07-17,5,20485468.9,4125706.6,22.4,83,13.2,82,25.6,16.62,24.2,19.3
2025-07-18,6,16493069.3,3629745.9,19.1,64,8.9,6,0,27.44,18.7,11.8
2025-07-19,7,17333890.4,3405063.6,20.9,67,6.9,54,2.8,24.88,21.5,13.9
2025-07-20,1,18136320.3,3243428.2,20.2,76,7.6,57,2.8,21.27,21.2,15.7
2025-07-21,2,15438137.4,3380458.3,16.5,64,10.8,35,0,21.39,14.9,9.5
2025-07-22,3,15138221.3,3461698.6,17.6,65,3.9,59,0,24.58,17.4,10.4
2025-07-23,4,17360030.3,3748721.2,20.9,61,6.7,64,0,26.71,21,12.4
2025-07-24,5,21760559.8,4221702.9,25.2,68,12.9,64,2.3,25.4,26.9,18.6
2025-07-25,6,21638150.6,4151414.3,23.9,72,9.9,41,0,23,25.7,18.1
2025-07-26,7,21620395,3838090.3,24.2,63,5.7,64,0,25.02,25.6,15.9
2025-07-27,1,23327348.7,3808026.3,25.2,71,7.3,29,0,22.62,27.8,19.3
2025-07-28,2,24276772.1,4361023,27.4,60,11.1,24,0,26.21,29,17.9
2025-07-29,3,23016839.9,4289216.1,25.3,62,9,34,0,25.84,26.8,16.9
2025-07-30,4,20281810.9,4054899,23.4,61,9.7,75,0.2,21.88,23.9,14.9
2025-07-31,5,15934378.6,3574948,19.9,52,10.1,72,0,20.95,18.3,9
2025-08-01,6,15320191.9,3466969.3,18.4,53,7.9,14,0,25.06,17,7.7
2025-08-02,7,16623322.5,3355775.9,21.1,57,9.9,9,0,24.85,20.4,11.7
2025-08-03,1,18173061.4,3347728.1,22.9,61,10,10,0,26.15,23.1,14.2
2025-08-04,2,18487339,3310877.6,21.6,63,9.5,33,0,23.76,21.7,13.8
2025-08-05,3,17025016.2,3644081.4,21,56,8.6,58,0,24.03,20.4,11.3
2025-08-06,4,18103160.3,3805350,22.4,51,8.5,25,0,26.14,21.8,10.9
2025-08-07,5,19152782.8,3952837.7,23.3,59,6.6,35,0.6,24.58,24.1,14.3
2025-08-08,6,20254366,4032265.6,24.6,60,8,21,0,23.63,25.5,15.4
2025-08-09,7,23230710.5,4006659,26.1,59,7.6,57,0,23.2,27.7,17
2025-08-10,1,25720286.3,4004705.5,28,54,10.4,66,0,24.07,29.4,17.3
2025-08-11,2,24851698.3,4405493.6,28.2,51,8.8,13,0,24.43,29.4,16.3
2025-08-12,3,24681783.7,4489213.4,27.7,56,9.3,19,0.1,22.96,29.4,17.8
2025-08-13,4,22385913.6,4292655.5,25,73,8.5,55,3.5,17.02,27.6,19.6
2025-08-14,5,19734193.4,3964050.6,22.1,55,10.7,1,0,25.21,21.6,12
2025-08-15,6,18100801.3,3818343.1,22,50,5.3,5,0,25.29,21.8,10.5
2025-08-16,7,21123410.8,3811249.4,25.2,53,6.4,30,0,23.12,26,14.4
2025-08-17,1,17398489.1,3169362.6,18.9,68,12.6,56,4.2,10.44,18.1,12.7
2025-08-18,2,14229339.7,3266600.2,16.5,56,6.5,87,0,21.9,15.2,7.4
2025-08-19,3,13780443.4,3281066.2,17.2,64,8.9,97,0.2,10.5,16,10.2
2025-08-20,4,14382661.3,3382058.9,19.2,67,8.6,80,0.5,12.91,18.8,12.6
2025-08-21,5,15836857.9,3572855.2,20.6,60,6.2,26,0,21.49,20.4,11.6
2025-08-22,6,17615721.5,3750145.6,22.2,60,6.3,17,0,22.04,22.6,13.2
2025-08-23,7,18239794.1,3461039.1,22.8,66,11.9,95,0,16.31,23.1,15.8
2025-08-24,1,19328646.6,3314552.7,22.1,68,11.8,52,12.6,20.32,22.3,14.9
2025-08-25,2,15933114.8,3415066.9,18.8,67,10.9,33,1.4,19.07,18,12.1
2025-08-26,3,13787772.5,3228167.5,16.4,65,13,65,0.2,14.44,14.4,9.6
2025-08-27,4,13564425.5,3229920.9,16.2,62,8.2,69,0.1,16.24,14.6,8.1
2025-08-28,5,13431133,3177386.4,15.1,88,8.6,100,18.8,6.9,14.8,13
2025-08-29,6,13475495.2,3140034.9,14,83,10.7,45,2.4,15.62,12.8,11.1
2025-08-30,7,13956235.9,2916259.6,14.5,79,12,63,5.6,13.24,13.1,10.8
2025-08-31,1,14871219.9,2965551.9,17.2,73,7,6,0,21.11,17,12
2025-09-01,2,16587769.5,2934256.6,19.2,72,3,43,0,21.18,20.2,13.7
2025-09-02,3,15493938.1,3431441.2,19.1,73,3.2,69,1,18.47,19.9,13.6
2025-09-03,4,15462208.2,3477658.9,19.1,69,7,35,0,19.95,19,12.5
2025-09-04,5,14138275.9,3304442.8,17.3,76,11.7,80,6.8,10.77,16.6,12.7
2025-09-05,6,13544666.2,3223538.4,16,77,13.1,48,1.3,17.14,14.6,11.2
2025-09-06,7,13927872.2,2873721.2,14.9,71,9.1,74,0.1,12.45,13.5,9.4
2025-09-07,1,14481956.5,2735797.4,14.1,72,9.9,30,0.1,18.23,12.4,8.8
2025-09-08,2,13062758.9,3050749.8,13.2,73,7.2,8,0,19.57,11.7,8.1
2025-09-09,3,12909744.5,3138366.4,14.2,73,4.1,41,0,20.52,13.6,8.9
2025-09-10,4,13209447.8,3245855.6,15.9,73,2.1,42,0,18.97,15.9,10.7
2025-09-11,5,13253750.3,3258178.9,15.8,71,10.5,24,0,19.45,14.6,10.3
2025-09-12,6,13051007,3197666.8,13.9,69,3.4,59,0,19.81,13.1,7.9
2025-09-13,7,13868586.5,2963447.5,17,71,3.2,51,0,15.56,17,11.3
2025-09-14,1,15257397.9,2903364,17.2,72,9.2,7,0,19.51,16.5,11.6
2025-09-15,2,13839950.1,3223350.6,16.4,70,4.9,8,0,19.6,15.9,10.3
2025-09-16,3,13855899,3324713.4,17.9,68,4.4,5,0,19.25,17.8,11.2
2025-09-17,4,13963431.6,3370469.6,18.4,67,3.5,82,0,16.47,18.5,11.7
2025-09-18,5,14206506.7,3423185.1,18.3,75,11.9,14,0,15.98,17.8,13.6
2025-09-19,6,13045182,3163095,13.2,62,9.7,3,0,18.84,10.9,5.8
2025-09-20,7,13525761.7,2877703.2,11.2,62,4.6,0,0,19.38,9.2,3.6
2025-09-21,1,14301391.2,2808618.7,14.2,64,7.5,35,0,18.43,12.5,6.9
2025-09-22,2,13028706.4,3074867.9,17.8,86,5.3,99,16.3,5.88,19,15.4
2025-09-23,3,13482984.8,3259316,18.3,90,5.5,89,0.3,10.87,19.7,16.5
2025-09-24,4,13938095,3306673.6,17.6,84,10.8,80,0,16.1,17.6,14.7
2025-09-25,5,13000791.1,3160304.8,16.7,90,8.9,92,4.4,5.59,17.2,15.1
2025-09-26,6,13101989.5,3195354,16.5,84,10.4,43,0.5,10.67,16.2,13.7
2025-09-27,7,13839793.6,2931491.4,15.8,79,6,64,0.1,12.28,15.6,12
2025-09-28,1,14894299.4,2845271.8,17.6,73,10.8,7,0,16.89,16.9,12.3
2025-09-29,2,13711628.5,3197659.9,17.5,65,9.7,0,0,16.7,16.4,10.6
2025-09-30,3,13119951,3104837.9,14.5,61,11.7,1,0,17.09,12.1,6.8
2025-10-01,4,12534985.7,3045576.7,10.7,62,8.9,0,0,16.77,8,3.4
2025-10-02,5,12644539.9,3077136.7,10.7,64,4.9,62,0,16.25,8.6,3.7
2025-10-03,6,12858539.4,3175215.6,14.8,62,6.6,30,0,15.96,13.2,7
2025-10-04,7,14603711.9,3070704.5,18.4,69,5.6,17,0,15.05,18.4,12.4
2025-10-05,1,16295331.2,2991505.7,20.7,62,8.6,1,0,15.15,20.3,12.6
2025-10-06,2,14881396.9,3346095.7,20.2,63,10,46,0,15.03,19.5,12.4
2025-10-07,3,13158304.2,3155289,17.5,84,10.3,79,16.5,5.33,17.6,14.7
2025-10-08,4,12695710.5,3016560.3,10.8,72,10.8,39,0.2,10.06,8.2,5.6
2025-10-09,5,13503586.5,3097651.5,6.7,64,7.4,1,0,15.27,3.5,-0.1
2025-10-10,6,14099950.6,3131389.8,7.2,69,5.9,57,0,14.53,4.6,1.7
2025-10-11,7,14332658.7,2844719.4,11.6,76,6,29,0.5,13.67,10.1,7.4
2025-10-12,1,14291602.8,2704833.1,12.2,71,12.3,2,0,14.48,9.6,6.8
2025-10-13,2,14204570.5,2545007.5,11.3,71,10.8,56,0,11.33,8.8,6.1
2025-10-14,3,12620569.1,3054729.5,13.2,73,6.6,61,0,12.7,11.8,8.4
2025-10-15,4,12853229.6,3043079.4,8.8,60,11.8,60,0,11.2,5.2,1.3
2025-10-16,5,13499475.1,3124810.1,7.6,59,12.1,25,0,13.56,3.7,-0.3
2025-10-17,6,13799378.5,3126098.1,7,73,4.8,90,0,12.12,4.6,2.3
2025-10-18,7,13666116.3,2824314,11.3,78,6.9,87,3.3,8.25,9.7,7.6
2025-10-19,1,13845621.7,2718514.2,16.6,67,14.1,83,0,11.16,14.6,10
2025-10-20,2,12976373.8,2988424.3,14.1,83,13.4,95,4.5,5.43,12.6,11.3
2025-10-21,3,13125252.9,3044986.3,10.6,74,9.1,60,0.5,9.36,8.3,6.1
2025-10-22,4,13465844.6,3076358.3,8.2,90,5.8,57,3.5,5.18,6.5,6.6
2025-10-23,5,13849590.9,3130707.4,7.2,85,9.3,61,1.1,6.13,4.6,4.7
2025-10-24,6,14304683.4,3156634.1,6.1,79,7.3,74,0,8.08,3.3,2.5
2025-10-25,7,15341581.6,2935187.6,6,77,8.3,81,0,7.69,3.1,2.1
2025-10-26,1,16251562.1,2867622.2,5.9,74,6.4,75,0,6.65,3,1.3
2025-10-27,2,14909692.3,3230796.8,4.9,76,3.9,7,0,11.33,2.3,0.7
2025-10-28,3,14426751.4,3248490.2,5.6,77,6.1,0,0,11.46,2.9,1.8
2025-10-29,4,14365766.4,3251597,5.5,73,7.2,13,0,11.45,2.4,0.8
2025-10-30,5,15495161,3334983.4,4,94,13.5,92,30.6,1.38,0.5,3.2
2025-10-31,6,15421005.5,3269583.3,5.8,96,18.7,100,27.4,1.3,2,5.3
2025-11-01,7,16522598.2,3043094.5,5,69,16.7,79,0,6.4,0.4,-0.4
2025-11-02,1,16420003.5,2897134.1,4.6,71,9,65,0,7.43,1.1,-0.5
2025-11-03,2,15347694.9,3258053,6.5,85,16,84,6,2.31,2.8,4.1
2025-11-04,3,14502835,3252063.7,6.5,67,16.3,13,0,9.73,2,0.4
2025-11-05,4,15591547.2,3362067.6,3.5,89,9,100,10.1,1.85,0.4,1.9
2025-11-06,5,15816272.6,3428958.4,1.9,73,12.8,53,0,5.05,-2.4,-2.5
2025-11-07,6,16525197.7,3466437.9,1.4,85,8.2,95,3.5,1.81,-2,-0.9
2025-11-08,7,16815428.7,3170244.8,1.6,78,13.4,82,0.1,5.12,-2.7,-1.9
2025-11-09,1,19459224.8,3245505.4,-1.3,74,11.9,99,9.9,2.25,-5.9,-5.5
2025-11-10,2,18298796.4,3646401.4,-2.1,85,12.2,100,1.3,3.91,-6.6,-4.4
2025-11-11,3,18064539.8,3669435.1,-1.8,80,17.3,98,2,6.61,-7.1,-4.9
2025-11-12,4,17212666.5,3638435.3,0.2,92,7.6,95,2.6,3.27,-3.2,-0.9
2025-11-13,5,16421414.6,3565807.3,1.1,87,10.2,79,0.2,5.5,-2.6,-0.9
2025-11-14,6,16812248.2,3568896.4,0.4,84,8.4,38,0.6,5.54,-3.3,-2.1
2025-11-15,7,18614021.8,3391830.2,-1.1,84,7.2,83,9.2,3.86,-4.8,-3.7
2025-11-16,1,18853130.7,3260197.7,0.2,80,17.1,100,3.8,3.32,-4.8,-2.9
2025-11-17,2,18221791.7,3712901,-1,74,19.3,95,0.1,5.24,-6.6,-5.1
2025-11-18,3,17760163.6,3752136.3,-1.2,76,10.1,27,0,6.89,-5.5,-4.9
2025-11-19,4,17994996.5,3794203.3,-2.9,83,5.4,47,0,4.6,-6.5,-5.5
2025-11-20,5,18117726.5,3813725.8,-2.9,89,4.3,81,0,6.32,-6.3,-4.5
2025-11-21,6,17303574.5,3662331.7,0.6,90,8.6,70,2.4,3.71,-2.8,-0.8
2025-11-22,7,18007507.8,3360446.5,-0.7,80,9.7,32,0,6.78,-4.8,-3.9
2025-11-23,1,19080249.4,3295923.1,-1.4,91,4.8,100,3.3,1.62,-4.5,-2.6
2025-11-24,2,16853774.6,3557739,1.5,85,9,92,0,4.22,-2,-0.8
2025-11-25,3,16148763.2,3526235.6,3,86,7.1,100,1,3.29,-0.1,0.7
2025-11-26,4,16208859.9,3553287.9,2.5,97,12,92,9.4,1.44,-1,2.1
2025-11-27,5,17418029.1,3688394.3,1.3,76,16.7,81,0.9,3.33,-3.6,-2.6
2025-11-28,6,18641408.2,3821016.7,-2.1,72,19.2,97,0.9,2.23,-7.8,-6.4
2025-11-29,7,19402046.2,3555802.3,-3.7,73,12.4,57,0,5.31,-8.5,-7.9
2025-11-30,1,20242127.4,3442492.5,-1.4,85,14.3,98,5.7,1.06,-6.1,-3.7
